page_id,path,new_slug,new_title,new_seo_title,new_seo_description,impressions
671856797fe880622f1b9b34,/seattle-flooring-services/premium-hardwood-floor-installation-in-seattle-wa-wills-flooring,,"Flooring Installation in Seattle, WA","Flooring Installation Seattle, WA | Wills Flooring","Flooring installation company in Seattle, WA. Hardwood, LVP, laminate & carpet installers. Free in-home estimate: (425) 350-4435.",8101
673be929ba9c24d54cee2466,/lynnwood-wa-flooring-services/laminate-flooring-installation-in-lynnwood-wa,,"Laminate Flooring Installation in Lynnwood, WA","Laminate Flooring Installation Lynnwood, WA | Wills Flooring","Laminate flooring installation in Lynnwood, WA by local laminate floor installers. Free in-home estimate: (425) 350-4435.",3909
6736bf6a7b58e497e6513eca,/seattle-flooring-services/laminate-flooring-installation-in-seattle-wa-expert-services,laminate-flooring-installation-in-seattle-wa,"Laminate Flooring Installation in Seattle, WA","Laminate Flooring Installation Seattle, WA | Wills Flooring","Laminate flooring installation in Seattle, WA by local laminate floor installers. Free in-home estimate: (425) 350-4435.",3760
671957bbffa1185697f78aa8,/lynnwood-wa-flooring-services/expert-hardwood-floor-installation-in-lynnwood-wa,,"Flooring Installation in Lynnwood, WA","Flooring Installation Lynnwood, WA | Wills Flooring","Flooring installation company in Lynnwood, WA. Hardwood, LVP, laminate & carpet installers. Free in-home estimate: (425) 350-4435.",3078
673bea1eda9d6db8c1ac3ec7,/lynnwood-wa-flooring-services/vinyl-plank-flooring-installation-in-lynnwood-wa,,"Luxury Vinyl Plank (LVP) Flooring Installation in Lynnwood, WA","LVP & Vinyl Plank Installation Lynnwood, WA | Wills Flooring","LVP & vinyl plank flooring installers in Lynnwood, WA. Waterproof luxury vinyl, expertly fitted. Free in-home estimate: (425) 350-4435.",2756
672ea155d9675f7971cc127c,/seattle-flooring-services/hardwood-floor-refinishing-in-seattle-wa-wills-flooring,,"Hardwood Floor Refinishing in Seattle, WA","Hardwood Floor Refinishing Seattle, WA | Wills Flooring","Hardwood floor refinishing in Seattle, WA: dustless sanding, staining & a durable new finish. Free in-home estimate: (425) 350-4435.",2583
673bc2638fd139a1ceaf4b67,/redmond-flooring-services/laminate-flooring-installation-in-redmond-wa,,"Laminate Flooring Installation in Redmond, WA","Laminate Flooring Installation Redmond, WA | Wills Flooring","Laminate floor installers in Redmond, WA. Durable, scratch-resistant laminate fitted room by room. Free in-home estimate: (425) 350-4435.",2567
67181c91c58ecf6a849ac0c7,/bellevue-flooring-services/hardwood-floor-installation-service-wills-flooring-bellevue-wa,,"Flooring Installation in Bellevue, WA","Flooring Installation Bellevue, WA | Wills Flooring","Flooring installation company in Bellevue, WA. Hardwood, LVP, laminate & carpet installers. Free in-home estimate: (425) 350-4435.",2559
672ea27fc263a4580c0a5c99,/everett-flooring-services/hardwood-floor-refinishing-in-everett-wa-wills-flooring,,"Hardwood Floor Refinishing in Everett, WA","Hardwood Floor Refinishing Everett, WA | Wills Flooring","Wood floor sanding & refinishing contractor in Everett, WA. Dustless, low-odor finishes. Free in-home estimate: (425) 350-4435.",2526
673bd624fb4cb2beedbf5ec6,/medina-wa-flooring-services/laminate-flooring-installation-in-medina-wa,,"Laminate Flooring Installation in Medina, WA","Laminate Flooring Installation Medina, WA | Wills Flooring","Laminate flooring installation in Medina, WA, plus tile setting by the same crew. Free in-home estimate: (425) 350-4435.",2416
672e779874e8bce977aa3b87,/bellevue-flooring-services/hardwood-floor-refinishing-in-bellevue-wa-wills-flooring,,"Hardwood Floor Refinishing in Bellevue, WA","Hardwood Floor Refinishing Bellevue, WA | Wills Flooring","Hardwood floor refinishing in Bellevue, WA: dustless sanding, staining & a durable new finish. Free in-home estimate: (425) 350-4435.",2291
673bdb9aff2ffaddc3d3ea90,/sammamish-wa-flooring-services/laminate-flooring-installation-in-sammamish-wa,,"Laminate Flooring Installation in Sammamish, WA","Laminate Flooring Installation Sammamish, WA","Laminate flooring installation in Sammamish, WA, plus tile setting by the same crew. Free in-home estimate: (425) 350-4435.",2229
6736c3fb8ec85653e8b9c0a5,/everett-flooring-services/laminate-flooring-installation-in-everett-wa,,"Laminate Flooring Installation in Everett, WA","Laminate Flooring Installation Everett, WA | Wills Flooring","Laminate floor installers in Everett, WA. Durable, scratch-resistant laminate fitted room by room. Free in-home estimate: (425) 350-4435.",2075
673bc31ad15c21428d3290e5,/redmond-flooring-services/vinyl-plank-flooring-installation-in-redmond-wa,,"Luxury Vinyl Plank (LVP) Flooring Installation in Redmond, WA","LVP & Vinyl Plank Installation Redmond, WA | Wills Flooring","Luxury vinyl plank (LVP) installation in Redmond, WA. Waterproof vinyl, samples brought to you. Free in-home estimate: (425) 350-4435.",2031
672eb65ccd7fc3ec682d316a,/mill-creek-flooring-services/hardwood-floor-refinishing-in-mill-creek-wa-wills-flooring,,"Hardwood Floor Refinishing in Mill Creek, WA","Hardwood Floor Refinishing Mill Creek, WA | Wills Flooring","Hardwood floor refinishing in Mill Creek, WA: dustless sanding, staining & a durable new finish. Free in-home estimate: (425) 350-4435.",1835
672ec55ab5c57006be288f9b,/lynnwood-wa-flooring-services/hardwood-floor-refinishing-in-lynnwood-wa-wills-flooring,,"Hardwood Floor Refinishing in Lynnwood, WA","Hardwood Floor Refinishing Lynnwood, WA | Wills Flooring","Hardwood floor refinishing in Lynnwood, WA: dustless sanding, staining & a durable new finish. Free in-home estimate: (425) 350-4435.",1822
671873763a7f9dd535176880,/kirkland-flooring-services/expert-hardwood-floor-installation-in-kirkland-wa-quality-craftsmanship,,"Flooring Installation in Kirkland, WA","Flooring Installation Kirkland, WA | Wills Flooring","Flooring installation company in Kirkland, WA. Hardwood, LVP, laminate & carpet installers. Free in-home estimate: (425) 350-4435.",1750
67194589ab0c6e7f44be15d4,/mercer-island-wa-flooring-services/hardwood-installation-in-mercer-island-wa-expert-services,,"Flooring Installation in Mercer Island, WA","Flooring Installation Mercer Island, WA | Wills Flooring","Flooring & tile installation contractor in Mercer Island, WA. Hardwood, LVP, laminate & tile. Free in-home estimate: (425) 350-4435.",1715
6737bf0c67e891e4fbcc1788,/seattle-flooring-services/vinyl-plank-flooring-installation-in-seattle-wa,,"Luxury Vinyl Plank (LVP) Flooring Installation in Seattle, WA","LVP & Vinyl Plank Installation Seattle, WA | Wills Flooring","LVP & vinyl plank flooring installers in Seattle, WA. Waterproof luxury vinyl, expertly fitted. Free in-home estimate: (425) 350-4435.",1620
673bc4a23ab414d20f200081,/shoreline-flooring-services/laminate-flooring-installation-in-shoreline-wa,,"Laminate Flooring Installation in Shoreline, WA","Laminate Flooring Installation Shoreline, WA","Laminate floor installers in Shoreline, WA. Durable, scratch-resistant laminate fitted room by room. Free in-home estimate: (425) 350-4435.",1553
672eb946a5d67466c8e5d180,/redmond-flooring-services/hardwood-floor-refinishing-in-redmond-wa-wills-flooring,,"Hardwood Floor Refinishing in Redmond, WA","Hardwood Floor Refinishing Redmond, WA | Wills Flooring","Wood floor sanding & refinishing contractor in Redmond, WA. Dustless, low-odor finishes. Free in-home estimate: (425) 350-4435.",1544
673bc62ef67a13cb95bc2fb3,/west-seattle-flooring-services/vinyl-plank-flooring-installation-in-west-seattle-wa,,"Luxury Vinyl Plank (LVP) Flooring Installation in West Seattle, WA","LVP & Vinyl Plank Installation West Seattle, WA","Luxury vinyl plank (LVP) installation in West Seattle, WA. Waterproof vinyl, samples brought to you. Free in-home estimate: (425) 350-4435.",1480
6719473245dd801e7c3e7ce2,/renton-flooring-services/wood-floor-installation-in-renton-wa-expert-flooring-services,,"Flooring Installation in Renton, WA","Flooring Installation Renton, WA | Wills Flooring","Flooring installation company in Renton, WA. Hardwood, LVP, laminate & carpet installers. Free in-home estimate: (425) 350-4435.",1456
67192eb34345a4a63afe077a,/shoreline-flooring-services/professional-wood-floor-installation-in-shoreline-wa,,"Flooring Installation in Shoreline, WA","Flooring Installation Shoreline, WA | Wills Flooring","Local flooring installers in Shoreline, WA — hardwood, LVP, laminate & carpet installation. Free in-home estimate: (425) 350-4435.",1390
673bd8a983a5e10b646e9a15,/renton-flooring-services/laminate-flooring-installation-in-renton-wa,,"Laminate Flooring Installation in Renton, WA","Laminate Flooring Installation Renton, WA | Wills Flooring","Laminate flooring installation in Renton, WA by local laminate floor installers. Free in-home estimate: (425) 350-4435.",1389
673bd9746e9ba08cf5089eb2,/renton-flooring-services/vinyl-plank-flooring-installation-in-renton-wa,,"Luxury Vinyl Plank (LVP) Flooring Installation in Renton, WA","LVP & Vinyl Plank Installation Renton, WA | Wills Flooring","LVP & vinyl plank flooring installers in Renton, WA. Waterproof luxury vinyl, expertly fitted. Free in-home estimate: (425) 350-4435.",1379
6737b62f68a03970a57f186b,/bellevue-flooring-services/vinyl-plank-flooring-installation-in-bellevue-wa,,"Luxury Vinyl Plank (LVP) Flooring Installation in Bellevue, WA","LVP & Vinyl Plank Installation Bellevue, WA | Wills Flooring","LVP & vinyl plank flooring installers in Bellevue, WA. Waterproof luxury vinyl, expertly fitted. Free in-home estimate: (425) 350-4435.",1363
6737c414487b729a1fe9ca1e,/everett-flooring-services/vinyl-plank-flooring-installation-in-everett-wa,,"Luxury Vinyl Plank (LVP) Flooring Installation in Everett, WA","LVP & Vinyl Plank Installation Everett, WA | Wills Flooring","Luxury vinyl plank (LVP) installation in Everett, WA. Waterproof vinyl, samples brought to you. Free in-home estimate: (425) 350-4435.",1331
672ebb771ebcca66eef4e185,/west-seattle-flooring-services/hardwood-floor-refinishing-in-west-seattle-wa-wills-flooring,,"Hardwood Floor Refinishing in West Seattle, WA","Hardwood Floor Refinishing West Seattle, WA | Wills Flooring","Wood floor sanding & refinishing contractor in West Seattle, WA. Dustless, low-odor finishes. Free in-home estimate: (425) 350-4435.",1321
673bc5adabf7b77ac420cedb,/west-seattle-flooring-services/laminate-flooring-installation-in-west-seattle-wa,,"Laminate Flooring Installation in West Seattle, WA","Laminate Flooring Installation West Seattle, WA","Laminate floor installers in West Seattle, WA. Durable, scratch-resistant laminate fitted room by room. Free in-home estimate: (425) 350-4435.",1282
672eb577728e0ff623a58f2c,/edmonds-flooring-services/hardwood-floor-refinishing-in-edmonds-wa-wills-flooring,,"Hardwood Floor Refinishing in Edmonds, WA","Hardwood Floor Refinishing Edmonds, WA | Wills Flooring","Hardwood floor refinishing in Edmonds, WA: dustless sanding, staining & a durable new finish. Free in-home estimate: (425) 350-4435.",1264
67300ac5809f9c998b23ad19,/bellevue-flooring-services/laminate-flooring-installation-in-bellevue-wa-expert-service,laminate-flooring-installation-in-bellevue-wa,"Laminate Flooring Installation in Bellevue, WA","Laminate Flooring Installation Bellevue, WA | Wills Flooring","Laminate flooring installation in Bellevue, WA by local laminate floor installers. Free in-home estimate: (425) 350-4435.",1255
67185844cf46e25c8e893f2b,/everett-flooring-services/expert-wood-floor-installation-in-everett-wa-professional-flooring-services,,"Flooring Installation in Everett, WA","Flooring Installation Everett, WA | Wills Flooring","Local flooring installers in Everett, WA — hardwood, LVP, laminate & carpet installation. Free in-home estimate: (425) 350-4435.",1203
673bb030fbc7703405e784fa,/edmonds-flooring-services/laminate-flooring-installation-in-edmonds-wa,,"Laminate Flooring Installation in Edmonds, WA","Laminate Flooring Installation Edmonds, WA | Wills Flooring","Laminate flooring installation in Edmonds, WA by local laminate floor installers. Free in-home estimate: (425) 350-4435.",1180
6718654714a411925de25b7f,/edmonds-flooring-services/expert-hardwood-floor-installation-in-edmonds-wa-quality-craftsmanship,,"Flooring Installation in Edmonds, WA","Flooring Installation Edmonds, WA | Wills Flooring","Flooring installation company in Edmonds, WA. Hardwood, LVP, laminate & carpet installers. Free in-home estimate: (425) 350-4435.",1141
672ea3396240b87697880349,/marysville-flooring-services/hardwood-floor-refinishing-in-marysville-wa-wills-flooring,,"Hardwood Floor Refinishing in Marysville, WA","Hardwood Floor Refinishing Marysville, WA | Wills Flooring","Hardwood floor refinishing in Marysville, WA: dustless sanding, staining & a durable new finish. Free in-home estimate: (425) 350-4435.",1092
6736c75076500167d7acea7e,/snohomish-flooring-services/laminate-flooring-installation-in-snohomish-wa,,"Laminate Flooring Installation in Snohomish, WA","Laminate Flooring Installation Snohomish, WA","Laminate flooring installation in Snohomish, WA by local laminate floor installers. Free in-home estimate: (425) 350-4435.",1055
673be1aa9c334d22dd9fed56,/mountlake-terrace-wa-flooring-services/vinyl-plank-flooring-installation-in-mountlake-terrace-wa,,"Luxury Vinyl Plank (LVP) Flooring Installation in Mountlake Terrace, WA","LVP & Vinyl Plank Installation Mountlake Terrace, WA","LVP & vinyl plank flooring installers in Mountlake Terrace, WA. Waterproof luxury vinyl, expertly fitted. Free in-home estimate: (425) 350-4435.",1044
6737ca1dc742b7307e77c2a3,/lake-stevens-flooring-services/laminate-flooring-installation-in-lake-stevens-wa,,"Laminate Flooring Installation in Lake Stevens, WA","Laminate Flooring Installation Lake Stevens, WA","Laminate floor installers in Lake Stevens, WA. Durable, scratch-resistant laminate fitted room by room. Free in-home estimate: (425) 350-4435.",1036
672eabd62d17d6db8b6c9fc8,/lake-stevens-flooring-services/hardwood-floor-refinishing-in-lake-stevens-wa-wills-flooring,,"Hardwood Floor Refinishing in Lake Stevens, WA","Hardwood Floor Refinishing Lake Stevens, WA | Wills Flooring","Wood floor sanding & refinishing contractor in Lake Stevens, WA. Dustless, low-odor finishes. Free in-home estimate: (425) 350-4435.",1031
672ea4f714ff760d5227e508,/snohomish-flooring-services/hardwood-floor-refinishing-in-snohomish-wa-wills-flooring,,"Hardwood Floor Refinishing in Snohomish, WA","Hardwood Floor Refinishing Snohomish, WA | Wills Flooring","Hardwood floor refinishing in Snohomish, WA: dustless sanding, staining & a durable new finish. Free in-home estimate: (425) 350-4435.",1000
67186f0b3da39f012718ffa7,/redmond-flooring-services/professional-hardwood-floor-installation-in-redmond-wa-trusted-experts,,"Flooring Installation in Redmond, WA","Flooring Installation Redmond, WA | Wills Flooring","Local flooring installers in Redmond, WA — hardwood, LVP, laminate & carpet installation. Free in-home estimate: (425) 350-4435.",951
67186942e9ac9ecadf6db7d7,/bothell-flooring-services/expert-hardwood-floor-installation-in-bothell-wa-quality-craftsmanship,,"Flooring Installation in Bothell, WA","Flooring Installation Bothell, WA | Wills Flooring","Flooring installation company in Bothell, WA. Hardwood, LVP, laminate & carpet installers. Free in-home estimate: (425) 350-4435.",949
6736c5111bb909710ac0f6d1,/marysville-flooring-services/laminate-flooring-installation-in-marysville-wa,,"Laminate Flooring Installation in Marysville, WA","Laminate Flooring Installation Marysville, WA","Laminate flooring installation in Marysville, WA by local laminate floor installers. Free in-home estimate: (425) 350-4435.",909
673be0a511ed2e52c361281a,/mountlake-terrace-wa-flooring-services/laminate-flooring-installation-in-mountlake-terrace-wa,,"Laminate Flooring Installation in Mountlake Terrace, WA","Laminate Flooring Installation Mountlake Terrace, WA","Laminate flooring installation in Mountlake Terrace, WA by local laminate floor installers. Free in-home estimate: (425) 350-4435.",897
672eb76748439a057b4834ae,/bothell-flooring-services/hardwood-floor-refinishing-in-bothell-wa-wills-flooring,,"Hardwood Floor Refinishing in Bothell, WA","Hardwood Floor Refinishing Bothell, WA | Wills Flooring","Hardwood floor refinishing in Bothell, WA: dustless sanding, staining & a durable new finish. Free in-home estimate: (425) 350-4435.",854
6737c80f965fa81e33b32dc6,/monroe-flooring-services/laminate-flooring-installation-in-monroe-wa,,"Laminate Flooring Installation in Monroe, WA","Laminate Flooring Installation Monroe, WA | Wills Flooring","Laminate flooring installation in Monroe, WA by local laminate floor installers. Free in-home estimate: (425) 350-4435.",853
673bc37822219a4c8442645e,/kirkland-flooring-services/laminate-flooring-installation-in-kirkland-wa,,"Laminate Flooring Installation in Kirkland, WA","Laminate Flooring Installation Kirkland, WA | Wills Flooring","Laminate flooring installation in Kirkland, WA by local laminate floor installers. Free in-home estimate: (425) 350-4435.",820
672eba88728e0ff623a84e10,/shoreline-flooring-services/hardwood-floor-refinishing-in-shoreline-wa-wills-flooring,,"Hardwood Floor Refinishing in Shoreline, WA","Hardwood Floor Refinishing Shoreline, WA | Wills Flooring","Wood floor sanding & refinishing contractor in Shoreline, WA. Dustless, low-odor finishes. Free in-home estimate: (425) 350-4435.",789
671931a59ae15013b68c8db2,/west-seattle-flooring-services/hardwood-floor-installation-in-west-seattle-wa---expert-services,hardwood-floor-installation-in-west-seattle-wa,"Flooring Installation in West Seattle, WA","Flooring Installation West Seattle, WA | Wills Flooring","Local flooring installers in West Seattle, WA — hardwood, LVP, laminate & carpet installation. Free in-home estimate: (425) 350-4435.",784
67185a4ecf46e25c8e8b1e6b,/marysville-flooring-services/professional-wood-floor-installation-in-marysville-wa-quality-craftsmanship,,"Flooring Installation in Marysville, WA","Flooring Installation Marysville, WA | Wills Flooring","Flooring installation company in Marysville, WA. Hardwood, LVP, laminate & carpet installers. Free in-home estimate: (425) 350-4435.",777
673bc6d2d23288ebb0c7287d,/lake-forest-park-wa-flooring-services/laminate-flooring-installation-in-lake-forest-park-wa,,"Laminate Flooring Installation in Lake Forest Park, WA","Laminate Flooring Installation Lake Forest Park, WA","Laminate flooring installation in Lake Forest Park, WA by local laminate floor installers. Free in-home estimate: (425) 350-4435.",774
672ea6d06d08ed780ca3128b,/monroe-flooring-services/hardwood-floor-refinishing-in-monroe-wa-wills-flooring,,"Hardwood Floor Refinishing in Monroe, WA","Hardwood Floor Refinishing Monroe, WA | Wills Flooring","Hardwood floor refinishing in Monroe, WA: dustless sanding, staining & a durable new finish. Free in-home estimate: (425) 350-4435.",760
673bbf9e7faddaa77a14c7bb,/bothell-flooring-services/vinyl-plank-flooring-installation-in-bothell-wa,,"Luxury Vinyl Plank (LVP) Flooring Installation in Bothell, WA","LVP & Vinyl Plank Installation Bothell, WA | Wills Flooring","LVP & vinyl plank flooring installers in Bothell, WA. Waterproof luxury vinyl, expertly fitted. Free in-home estimate: (425) 350-4435.",720
673bc41c6cc87e0b7d0e4250,/kirkland-flooring-services/vinyl-plank-flooring-installation-in-kirkland-wa,,"Luxury Vinyl Plank (LVP) Flooring Installation in Kirkland, WA","LVP & Vinyl Plank Installation Kirkland, WA | Wills Flooring","LVP & vinyl plank flooring installers in Kirkland, WA. Waterproof luxury vinyl, expertly fitted. Free in-home estimate: (425) 350-4435.",683
673bb9f3f22db76c853ddb2b,/mill-creek-flooring-services/laminate-flooring-installation-in-mill-creek-wa,,"Laminate Flooring Installation in Mill Creek, WA","Laminate Flooring Installation Mill Creek, WA","Laminate flooring installation in Mill Creek, WA by local laminate floor installers. Free in-home estimate: (425) 350-4435.",648
672ec0486372a1cce79eae4e,/issaquah-wa-flooring-services/hardwood-floor-refinishing-in-sammamish-wa-wills-flooring,hardwood-floor-refinishing-in-issaquah-wa,"Hardwood Floor Refinishing in Issaquah, WA","Hardwood Floor Refinishing Issaquah, WA | Wills Flooring","Wood floor sanding & refinishing contractor in Issaquah, WA. Dustless, low-odor finishes. Free in-home estimate: (425) 350-4435.",648
673bc0746cc87e0b7d0aab64,/woodinville-flooring-services/laminate-flooring-installation-in-woodinville-wa,,"Laminate Flooring Installation in Woodinville, WA","Laminate Flooring Installation Woodinville, WA","Laminate flooring installation in Woodinville, WA by local laminate floor installers. Free in-home estimate: (425) 350-4435.",641
673bbf0942d2b487f80302c0,/bothell-flooring-services/laminate-flooring-installation-in-bothell-wa,,"Laminate Flooring Installation in Bothell, WA","Laminate Flooring Installation Bothell, WA | Wills Flooring","Laminate flooring installation in Bothell, WA by local laminate floor installers. Free in-home estimate: (425) 350-4435.",632
672ebdf5e09db17b228b29e2,/mercer-island-wa-flooring-services/hardwood-floor-refinishing-in-mercer-island-wa-wills-flooring,,"Hardwood Floor Refinishing in Mercer Island, WA","Hardwood Floor Refinishing Mercer Island, WA","Hardwood floor refinishing in Mercer Island, WA with dustless sanding, plus tile installation. Free in-home estimate: (425) 350-4435.",621
673bda6c156d8508d9f044ac,/newcastle-wa-flooring-services/laminate-flooring-installation-in-newcastle-wa,,"Laminate Flooring Installation in Newcastle, WA","Laminate Flooring Installation Newcastle, WA","Laminate flooring installation in Newcastle, WA by local laminate floor installers. Free in-home estimate: (425) 350-4435.",606
6737c8957efd78853ec16a89,/monroe-flooring-services/vinyl-plank-flooring-installation-in-monroe-wa,,"Luxury Vinyl Plank (LVP) Flooring Installation in Monroe, WA","LVP & Vinyl Plank Installation Monroe, WA | Wills Flooring","LVP & vinyl plank flooring installers in Monroe, WA. Waterproof luxury vinyl, expertly fitted. Free in-home estimate: (425) 350-4435.",599
6718609b7620597459da7dec,/monroe-flooring-services/hardwood-installation-in-monroe-wa,,"Flooring Installation in Monroe, WA","Flooring Installation Monroe, WA | Wills Flooring","Flooring installation company in Monroe, WA. Hardwood, LVP, laminate & carpet installers. Free in-home estimate: (425) 350-4435.",587
67194cfc8014f8d5c3264d06,/sammamish-wa-flooring-services/expert-hardwood-installation-services-in-sammamish-wa,,"Flooring Installation in Sammamish, WA","Flooring Installation Sammamish, WA | Wills Flooring","Flooring & tile installation contractor in Sammamish, WA. Hardwood, LVP, laminate & tile. Free in-home estimate: (425) 350-4435.",575
673bdf8825533c6e03bf4ba6,/north-bend-wa-flooring-services/laminate-flooring-installation-in-north-bend-wa,,"Laminate Flooring Installation in North Bend, WA","Laminate Flooring Installation North Bend, WA","Laminate flooring installation in North Bend, WA by local laminate floor installers. Free in-home estimate: (425) 350-4435.",571
672ff4a3814c461795051338,/renton-flooring-services/hardwood-floor-refinishing-in-renton-wa-wills-flooring-copy,hardwood-floor-refinishing-in-renton-wa,"Hardwood Floor Refinishing in Renton, WA","Hardwood Floor Refinishing Renton, WA | Wills Flooring","Hardwood floor refinishing in Renton, WA: dustless sanding, staining & a durable new finish. Free in-home estimate: (425) 350-4435.",539
6737c4a6a3c28f7d0e0f5dea,/marysville-flooring-services/vinyl-plank-flooring-installation-in-marysville-wa,,"Luxury Vinyl Plank (LVP) Flooring Installation in Marysville, WA","LVP & Vinyl Plank Installation Marysville, WA","LVP & vinyl plank flooring installers in Marysville, WA. Waterproof luxury vinyl, expertly fitted. Free in-home estimate: (425) 350-4435.",515
671863db7769831e6390218a,/mukilteo-flooring-services/professional-wood-floor-installation-in-mukilteo-wa-expert-services,,"Flooring Installation in Mukilteo, WA","Flooring Installation Mukilteo, WA | Wills Flooring","Flooring installation company in Mukilteo, WA. Hardwood, LVP, laminate & carpet installers. Free in-home estimate: (425) 350-4435.",506
673bdcdf067d5f3a7d1afb27,/issaquah-wa-flooring-services/laminate-flooring-installation-in-issaquah-wa,,"Laminate Flooring Installation in Issaquah, WA","Laminate Flooring Installation Issaquah, WA | Wills Flooring","Laminate floor installers in Issaquah, WA. Durable, scratch-resistant laminate fitted room by room. Free in-home estimate: (425) 350-4435.",502
673bde3383a5e10b6473d6ed,/snoqualmie-wa-flooring-services/laminate-flooring-installation-in-snoqualmie-wa,,"Laminate Flooring Installation in Snoqualmie, WA","Laminate Flooring Installation Snoqualmie, WA","Laminate flooring installation in Snoqualmie, WA by local laminate floor installers. Free in-home estimate: (425) 350-4435.",500
673bc7fc082c9605e26073be,/lake-forest-park-wa-flooring-services/vinyl-plank-flooring-installation-in-lake-forest-park-wa,,"Luxury Vinyl Plank (LVP) Flooring Installation in Lake Forest Park, WA","LVP & Vinyl Plank Installation Lake Forest Park, WA","LVP & vinyl plank flooring installers in Lake Forest Park, WA. Waterproof luxury vinyl, expertly fitted. Free in-home estimate: (425) 350-4435.",498
6737c6e3c10a0419e686121f,/snohomish-flooring-services/vinyl-plank-flooring-installation-in-snohomish-wa,,"Luxury Vinyl Plank (LVP) Flooring Installation in Snohomish, WA","LVP & Vinyl Plank Installation Snohomish, WA","LVP & vinyl plank flooring installers in Snohomish, WA. Waterproof luxury vinyl, expertly fitted. Free in-home estimate: (425) 350-4435.",492
67185d475b01907e6278dc7e,/snohomish-flooring-services/professional-hardwood-floor-installation-in-snohomish-wa-expert-services,,"Flooring Installation in Snohomish, WA","Flooring Installation Snohomish, WA | Wills Flooring","Flooring installation company in Snohomish, WA. Hardwood, LVP, laminate & carpet installers. Free in-home estimate: (425) 350-4435.",478
67194e8e493cb070d7eb9d3b,/issaquah-wa-flooring-services/trusted-hardwood-floor-installation-in-issaquah-wa,,"Flooring Installation in Issaquah, WA","Flooring Installation Issaquah, WA | Wills Flooring","Local flooring installers in Issaquah, WA — hardwood, LVP, laminate & carpet installation. Free in-home estimate: (425) 350-4435.",477
673be38f1c476556bdd21bec,/brier-wa-flooring-services/laminate-flooring-installation-in-brier-wa,,"Laminate Flooring Installation in Brier, WA","Laminate Flooring Installation Brier, WA | Wills Flooring","Laminate flooring installation in Brier, WA by local laminate floor installers. Free in-home estimate: (425) 350-4435.",475
672eb42d4c93a48edd3475a0,/mukilteo-flooring-services/hardwood-floor-refinishing-in-mukilteo-wa-wills-flooring,,"Hardwood Floor Refinishing in Mukilteo, WA","Hardwood Floor Refinishing Mukilteo, WA | Wills Flooring","Hardwood floor refinishing in Mukilteo, WA: dustless sanding, staining & a durable new finish. Free in-home estimate: (425) 350-4435.",475
673bdc6183a5e10b6471eedd,/sammamish-wa-flooring-services/vinyl-plank-flooring-installation-in-sammamish-wa,,"Luxury Vinyl Plank (LVP) Flooring Installation in Sammamish, WA","LVP & Vinyl Plank Installation Sammamish, WA","LVP and vinyl plank installers in Sammamish, WA. Waterproof vinyl flooring plus tile and backsplash work. Free in-home estimate: (425) 350-4435.",457
6718623c7684b71d259d99b9,/lake-stevens-flooring-services/top-rated-hardwood-floor-installation-in-lake-stevens-wa-quality-craftsmanship,,"Flooring Installation in Lake Stevens, WA","Flooring Installation Lake Stevens, WA | Wills Flooring","Local flooring installers in Lake Stevens, WA — hardwood, LVP, laminate & carpet installation. Free in-home estimate: (425) 350-4435.",451
672ea62cb821ed159f9c827c,/whidbey-island-flooring-services/hardwood-floor-refinishing-in-whidbey-island-wa-wills-flooring,,"Hardwood Floor Refinishing in Whidbey Island, WA","Hardwood Floor Refinishing Whidbey Island, WA","Wood floor sanding & refinishing contractor in Whidbey Island, WA. Dustless, low-odor finishes. Free in-home estimate: (425) 350-4435.",438
673bc53635bff011577a5e0f,/shoreline-flooring-services/vinyl-plank-flooring-installation-in-shoreline-wa,,"Luxury Vinyl Plank (LVP) Flooring Installation in Shoreline, WA","LVP & Vinyl Plank Installation Shoreline, WA","Luxury vinyl plank (LVP) installation in Shoreline, WA. Waterproof vinyl, samples brought to you. Free in-home estimate: (425) 350-4435.",435
672ec3cfc1da3387d8416637,/mountlake-terrace-wa-flooring-services/hardwood-floor-refinishing-in-mountlake-terrace-wa-wills-flooring,,"Hardwood Floor Refinishing in Mountlake Terrace, WA","Hardwood Floor Refinishing Mountlake Terrace, WA","Hardwood floor refinishing in Mountlake Terrace, WA: dustless sanding, staining & a durable new finish. Free in-home estimate: (425) 350-4435.",435
673baeba75d3872e61a371ff,/mukilteo-flooring-services/laminate-flooring-installation-in-mukilteo-wa,,"Laminate Flooring Installation in Mukilteo, WA","Laminate Flooring Installation Mukilteo, WA | Wills Flooring","Laminate flooring installation in Mukilteo, WA by local laminate floor installers. Free in-home estimate: (425) 350-4435.",431
672eb9e7349b1d1ef77c8f70,/kirkland-flooring-services/hardwood-floor-refinishing-in-kirkland-wa-wills-flooring,,"Hardwood Floor Refinishing in Kirkland, WA","Hardwood Floor Refinishing Kirkland, WA | Wills Flooring","Hardwood floor refinishing in Kirkland, WA: dustless sanding, staining & a durable new finish. Free in-home estimate: (425) 350-4435.",430
672ea443e0c3a6eb29212984,/arlington-flooring-services/hardwood-floor-refinishing-in-arlington-wa-wills-flooring,,"Hardwood Floor Refinishing in Arlington, WA","Hardwood Floor Refinishing Arlington, WA | Wills Flooring","Hardwood floor refinishing in Arlington, WA: dustless sanding, staining & a durable new finish. Free in-home estimate: (425) 350-4435.",425
671950575c04b5beffb64a59,/snoqualmie-wa-flooring-services/professional-wood-floor-installation-in-snoqualmie-wa,,"Flooring Installation in Snoqualmie, WA","Flooring Installation Snoqualmie, WA | Wills Flooring","Flooring installation company in Snoqualmie, WA. Hardwood, LVP, laminate & carpet installers. Free in-home estimate: (425) 350-4435.",412
671867f851eb441c6e38535d,/mill-creek-flooring-services/professional-hardwood-floor-installation-in-mill-creek-wa-trusted-specialists,,"Flooring Installation in Mill Creek, WA","Flooring Installation Mill Creek, WA | Wills Flooring","Flooring installation company in Mill Creek, WA. Hardwood, LVP, laminate & carpet installers. Free in-home estimate: (425) 350-4435.",399
6736c69e77bb50a6db2b984e,/arlington-flooring-services/laminate-flooring-installation-in-arlington-wa,,"Laminate Flooring Installation in Arlington, WA","Laminate Flooring Installation Arlington, WA","Laminate flooring installation in Arlington, WA by local laminate floor installers. Free in-home estimate: (425) 350-4435.",389
672ec186745640c5bf51c084,/snoqualmie-wa-flooring-services/hardwood-floor-refinishing-in-snoqualmie-wa-wills-flooring,,"Hardwood Floor Refinishing in Snoqualmie, WA","Hardwood Floor Refinishing Snoqualmie, WA | Wills Flooring","Hardwood floor refinishing in Snoqualmie, WA: dustless sanding, staining & a durable new finish. Free in-home estimate: (425) 350-4435.",389
673bc1f962cab39458f09df9,/duvall-flooring-services/vinyl-plank-flooring-installation-in-duvall-wa,,"Luxury Vinyl Plank (LVP) Flooring Installation in Duvall, WA","LVP & Vinyl Plank Installation Duvall, WA | Wills Flooring","LVP & vinyl plank flooring installers in Duvall, WA. Waterproof luxury vinyl, expertly fitted. Free in-home estimate: (425) 350-4435.",377
672ff54dd6a57ed10612830b,/sammamish-wa-flooring-services/hardwood-floor-refinishing-in-sammamish-wa-wills-flooring-copy,hardwood-floor-refinishing-in-sammamish-wa,"Hardwood Floor Refinishing in Sammamish, WA","Hardwood Floor Refinishing Sammamish, WA | Wills Flooring","Hardwood floor refinishing in Sammamish, WA with dustless sanding, plus tile installation. Free in-home estimate: (425) 350-4435.",375
672ec311f2ccf24b52a6d888,/north-bend-wa-flooring-services/hardwood-floor-refinishing-in-north-bend-wa-wills-flooring,,"Hardwood Floor Refinishing in North Bend, WA","Hardwood Floor Refinishing North Bend, WA | Wills Flooring","Hardwood floor refinishing in North Bend, WA: dustless sanding, staining & a durable new finish. Free in-home estimate: (425) 350-4435.",370
672ebc23e0e15c7419a2faf2,/lake-forest-park-wa-flooring-services/hardwood-floor-refinishing-in-lake-forest-park-wa-wills-flooring,,"Hardwood Floor Refinishing in Lake Forest Park, WA","Hardwood Floor Refinishing Lake Forest Park, WA","Hardwood floor refinishing in Lake Forest Park, WA: dustless sanding, staining & a durable new finish. Free in-home estimate: (425) 350-4435.",365
673bdb207bc5618d150757ef,/newcastle-wa-flooring-services/vinyl-plank-flooring-installation-in-newcastle-wa,,"Luxury Vinyl Plank (LVP) Flooring Installation in Newcastle, WA","LVP & Vinyl Plank Installation Newcastle, WA","LVP & vinyl plank flooring installers in Newcastle, WA. Waterproof luxury vinyl, expertly fitted. Free in-home estimate: (425) 350-4435.",358
673bdf0783a5e10b6474d910,/snoqualmie-wa-flooring-services/vinyl-plank-flooring-installation-in-snoqualmie-wa,,"Luxury Vinyl Plank (LVP) Flooring Installation in Snoqualmie, WA","LVP & Vinyl Plank Installation Snoqualmie, WA","LVP & vinyl plank flooring installers in Snoqualmie, WA. Waterproof luxury vinyl, expertly fitted. Free in-home estimate: (425) 350-4435.",355
673be01a885417cb828a7f46,/north-bend-wa-flooring-services/vinyl-plank-flooring-installation-in-north-bend-wa,,"Luxury Vinyl Plank (LVP) Flooring Installation in North Bend, WA","LVP & Vinyl Plank Installation North Bend, WA","LVP & vinyl plank flooring installers in North Bend, WA. Waterproof luxury vinyl, expertly fitted. Free in-home estimate: (425) 350-4435.",352
673bc1734283663622706945,/duvall-flooring-services/laminate-flooring-installation-in-duvall-wa,,"Laminate Flooring Installation in Duvall, WA","Laminate Flooring Installation Duvall, WA | Wills Flooring","Laminate flooring installation in Duvall, WA by local laminate floor installers. Free in-home estimate: (425) 350-4435.",348
67194b3cfcdb5ea692ec2b4f,/newcastle-wa-flooring-services/expert-hardwood-installation-services-in-newcastle-wa,,"Flooring Installation in Newcastle, WA","Flooring Installation Newcastle, WA | Wills Flooring","Flooring installation company in Newcastle, WA. Hardwood, LVP, laminate & carpet installers. Free in-home estimate: (425) 350-4435.",348
6719552947e8ebcf500c6f59,/mountlake-terrace-wa-flooring-services/professional-wood-floor-installation-in-mountlake-terrace-wa,,"Flooring Installation in Mountlake Terrace, WA","Flooring Installation Mountlake Terrace, WA | Wills Flooring","Flooring installation company in Mountlake Terrace, WA. Hardwood, LVP, laminate & carpet installers. Free in-home estimate: (425) 350-4435.",334
673bd6b8067d5f3a7d15845c,/medina-wa-flooring-services/vinyl-plank-flooring-installation-in-medina-wa,,"Luxury Vinyl Plank (LVP) Flooring Installation in Medina, WA","LVP & Vinyl Plank Installation Medina, WA | Wills Flooring","LVP and vinyl plank installers in Medina, WA. Waterproof vinyl flooring plus tile and backsplash work. Free in-home estimate: (425) 350-4435.",323
6737c5be77cc7e25b7113c81,/arlington-flooring-services/vinyl-plank-flooring-installation-in-arlington-wa,,"Luxury Vinyl Plank (LVP) Flooring Installation in Arlington, WA","LVP & Vinyl Plank Installation Arlington, WA","LVP & vinyl plank flooring installers in Arlington, WA. Waterproof luxury vinyl, expertly fitted. Free in-home estimate: (425) 350-4435.",320
67186d823a7f9dd535130266,/duvall-flooring-services/expert-wood-flooring-installation-in-duvall-wa-quality-craftsmanship,,"Flooring Installation in Duvall, WA","Flooring Installation Duvall, WA | Wills Flooring","Flooring installation company in Duvall, WA. Hardwood, LVP, laminate & carpet installers. Free in-home estimate: (425) 350-4435.",290
672ebccf102018e5bc72257a,/kenmore-flooring-services/hardwood-floor-refinishing-in-kenmore-wa-wills-flooring,,"Hardwood Floor Refinishing in Kenmore, WA","Hardwood Floor Refinishing Kenmore, WA | Wills Flooring","Wood floor sanding & refinishing contractor in Kenmore, WA. Dustless, low-odor finishes. Free in-home estimate: (425) 350-4435.",286
6736c803ecf24e817b554d50,/whidbey-island-flooring-services/laminate-flooring-installation-in-whidbey-island-wa,,"Laminate Flooring Installation in Whidbey Island, WA","Laminate Flooring Installation Whidbey Island, WA","Laminate floor installers in Whidbey Island, WA. Durable, scratch-resistant laminate fitted room by room. Free in-home estimate: (425) 350-4435.",285
673bd3be971a101dde33082d,/kenmore-flooring-services/laminate-flooring-installation-in-kenmore-wa,,"Laminate Flooring Installation in Kenmore, WA","Laminate Flooring Installation Kenmore, WA | Wills Flooring","Laminate floor installers in Kenmore, WA. Durable, scratch-resistant laminate fitted room by room. Free in-home estimate: (425) 350-4435.",275
67185f1c3eb68014f2d3298c,/whidbey-island-flooring-services/professional-wood-floor-installation-in-whidbey-island-wa-expert-services,,"Flooring Installation in Whidbey Island, WA","Flooring Installation Whidbey Island, WA | Wills Flooring","Local flooring installers in Whidbey Island, WA — hardwood, LVP, laminate & carpet installation. Free in-home estimate: (425) 350-4435.",243
673bdd7d2a0f62bc0f3f9882,/issaquah-wa-flooring-services/vinyl-plank-flooring-installation-in-issaquah-wa,,"Luxury Vinyl Plank (LVP) Flooring Installation in Issaquah, WA","LVP & Vinyl Plank Installation Issaquah, WA | Wills Flooring","Luxury vinyl plank (LVP) installation in Issaquah, WA. Waterproof vinyl, samples brought to you. Free in-home estimate: (425) 350-4435.",238
672ebea4e09db17b228b7f98,/newcastle-wa-flooring-services/hardwood-floor-refinishing-in-renton-wa-wills-flooring,hardwood-floor-refinishing-in-newcastle-wa,"Hardwood Floor Refinishing in Newcastle, WA","Hardwood Floor Refinishing Newcastle, WA | Wills Flooring","Hardwood floor refinishing in Newcastle, WA: dustless sanding, staining & a durable new finish. Free in-home estimate: (425) 350-4435.",213
672eb8c19b07f06b5140634f,/duvall-flooring-services/hardwood-floor-refinishing-in-duvall-wa-wills-flooring,,"Hardwood Floor Refinishing in Duvall, WA","Hardwood Floor Refinishing Duvall, WA | Wills Flooring","Hardwood floor refinishing in Duvall, WA: dustless sanding, staining & a durable new finish. Free in-home estimate: (425) 350-4435.",211
673bd48e2076d57d3f1e0f06,/kenmore-flooring-services/vinyl-plank-flooring-installation-in-kenmore-wa,,"Luxury Vinyl Plank (LVP) Flooring Installation in Kenmore, WA","LVP & Vinyl Plank Installation Kenmore, WA | Wills Flooring","Luxury vinyl plank (LVP) installation in Kenmore, WA. Waterproof vinyl, samples brought to you. Free in-home estimate: (425) 350-4435.",204
67185c16250c7be2a9d138e9,/arlington-flooring-services/expert-hardwood-floor-installation-in-arlington-wa-quality-craftsmanship,,"Flooring Installation in Arlington, WA","Flooring Installation Arlington, WA | Wills Flooring","Flooring installation company in Arlington, WA. Hardwood, LVP, laminate & carpet installers. Free in-home estimate: (425) 350-4435.",197
673bd866d36754e8ad0de0c5,/mercer-island-wa-flooring-services/vinyl-plank-flooring-installation-in-mercer-island-wa,,"Luxury Vinyl Plank (LVP) Flooring Installation in Mercer Island, WA","LVP & Vinyl Plank Installation Mercer Island, WA","LVP and vinyl plank installers in Mercer Island, WA. Waterproof vinyl flooring plus tile and backsplash work. Free in-home estimate: (425) 350-4435.",186
671952906b20e4a282a5a3e4,/north-bend-wa-flooring-services/expert-hardwood-flooring-installation-in-north-bend-wa,,"Flooring Installation in North Bend, WA","Flooring Installation North Bend, WA | Wills Flooring","Flooring installation company in North Bend, WA. Hardwood, LVP, laminate & carpet installers. Free in-home estimate: (425) 350-4435.",185
672eb82d48439a057b48ad1e,/woodinville-flooring-services/hardwood-floor-refinishing-in-woodinville-wa-wills-flooring,,"Hardwood Floor Refinishing in Woodinville, WA","Hardwood Floor Refinishing Woodinville, WA | Wills Flooring","Hardwood floor refinishing in Woodinville, WA: dustless sanding, staining & a durable new finish. Free in-home estimate: (425) 350-4435.",183
673bb5d930560ec648106a80,/edmonds-flooring-services/vinyl-plank-flooring-installation-in-edmonds-wa,,"Luxury Vinyl Plank (LVP) Flooring Installation in Edmonds, WA","LVP & Vinyl Plank Installation Edmonds, WA | Wills Flooring","LVP & vinyl plank flooring installers in Edmonds, WA. Waterproof luxury vinyl, expertly fitted. Free in-home estimate: (425) 350-4435.",159
673bbd4cbe079c7b014dbaef,/mill-creek-flooring-services/vinyl-plank-flooring-installation-in-mill-creek-wa,,"Luxury Vinyl Plank (LVP) Flooring Installation in Mill Creek, WA","LVP & Vinyl Plank Installation Mill Creek, WA","LVP & vinyl plank flooring installers in Mill Creek, WA. Waterproof luxury vinyl, expertly fitted. Free in-home estimate: (425) 350-4435.",137
673be7f96c8975806854039f,/brier-wa-flooring-services/vinyl-plank-flooring-installation-in-brier-wa,,"Luxury Vinyl Plank (LVP) Flooring Installation in Brier, WA","LVP & Vinyl Plank Installation Brier, WA | Wills Flooring","LVP & vinyl plank flooring installers in Brier, WA. Waterproof luxury vinyl, expertly fitted. Free in-home estimate: (425) 350-4435.",110
67193c2f214637ecda3c666a,/lake-forest-park-wa-flooring-services/hardwood-floor-installation-in-lake-forest-park-wa-expert-service,,"Flooring Installation in Lake Forest Park, WA","Flooring Installation Lake Forest Park, WA | Wills Flooring","Flooring installation company in Lake Forest Park, WA. Hardwood, LVP, laminate & carpet installers. Free in-home estimate: (425) 350-4435.",108
673baf99fabbe2fae1883ae9,/mukilteo-flooring-services/vinyl-plank-flooring-installation-in-mukilteo-wa,,"Luxury Vinyl Plank (LVP) Flooring Installation in Mukilteo, WA","LVP & Vinyl Plank Installation Mukilteo, WA | Wills Flooring","LVP & vinyl plank flooring installers in Mukilteo, WA. Waterproof luxury vinyl, expertly fitted. Free in-home estimate: (425) 350-4435.",105
672ec4996bcc9582e2e74c3e,/brier-wa-flooring-services/hardwood-floor-refinishing-in-brier-wa-wills-flooring,,"Hardwood Floor Refinishing in Brier, WA","Hardwood Floor Refinishing Brier, WA | Wills Flooring","Hardwood floor refinishing in Brier, WA: dustless sanding, staining & a durable new finish. Free in-home estimate: (425) 350-4435.",94
673bc1055a65f72584ba86f5,/woodinville-flooring-services/vinyl-plank-flooring-installation-in-woodinville-wa,,"Luxury Vinyl Plank (LVP) Flooring Installation in Woodinville, WA","LVP & Vinyl Plank Installation Woodinville, WA","LVP & vinyl plank flooring installers in Woodinville, WA. Waterproof luxury vinyl, expertly fitted. Free in-home estimate: (425) 350-4435.",83
67194144e3ae32b4dbee865a,/kenmore-flooring-services/wood-flooring-installation-in-kenmore-wa-expert-services,,"Flooring Installation in Kenmore, WA","Flooring Installation Kenmore, WA | Wills Flooring","Local flooring installers in Kenmore, WA — hardwood, LVP, laminate & carpet installation. Free in-home estimate: (425) 350-4435.",78
6719565cfc7e7f89917b6288,/brier-wa-flooring-services/expert-hardwood-installation-services-in-brier-wa,,"Flooring Installation in Brier, WA","Flooring Installation Brier, WA | Wills Flooring","Flooring installation company in Brier, WA. Hardwood, LVP, laminate & carpet installers. Free in-home estimate: (425) 350-4435.",68
67186c227b6cf7353f203e7d,/woodinville-flooring-services/professional-hardwood-floor-installation-in-woodinville-wa-trusted-specialists,,"Flooring Installation in Woodinville, WA","Flooring Installation Woodinville, WA | Wills Flooring","Flooring installation company in Woodinville, WA. Hardwood, LVP, laminate & carpet installers. Free in-home estimate: (425) 350-4435.",66
6719442cc7eb56bb50588bc7,/medina-wa-flooring-services/wood-floor-installation-in-medina-wa-expert-flooring-services,,"Flooring Installation in Medina, WA","Flooring Installation Medina, WA | Wills Flooring","Flooring & tile installation contractor in Medina, WA. Hardwood, LVP, laminate & tile. Free in-home estimate: (425) 350-4435.",65
6737c773c742b7307e7574c0,/whidbey-island-flooring-services/vinyl-plank-flooring-installation-in-whidbey-island-wa,,"Luxury Vinyl Plank (LVP) Flooring Installation in Whidbey Island, WA","LVP & Vinyl Plank Installation Whidbey Island, WA","Luxury vinyl plank (LVP) installation in Whidbey Island, WA. Waterproof vinyl, samples brought to you. Free in-home estimate: (425) 350-4435.",62
672ebd49c4a21d1a5d6bea3e,/medina-wa-flooring-services/hardwood-floor-refinishing-in-medina-wa-wills-flooring,,"Hardwood Floor Refinishing in Medina, WA","Hardwood Floor Refinishing Medina, WA | Wills Flooring","Hardwood floor refinishing in Medina, WA with dustless sanding, plus tile installation. Free in-home estimate: (425) 350-4435.",56
673bd768fb4cb2beedc050ac,/mercer-island-wa-flooring-services/laminate-flooring-installation-in-mercer-island-wa,,"Laminate Flooring Installation in Mercer Island, WA","Laminate Flooring Installation Mercer Island, WA","Laminate flooring installation in Mercer Island, WA, plus tile setting by the same crew. Free in-home estimate: (425) 350-4435.",0
6737ca891f8f7fecebcfef60,/lake-stevens-flooring-services/vinyl-plank-flooring-installation-in-lake-stevens-wa,,"Luxury Vinyl Plank (LVP) Flooring Installation in Lake Stevens, WA","LVP & Vinyl Plank Installation Lake Stevens, WA","Luxury vinyl plank (LVP) installation in Lake Stevens, WA. Waterproof vinyl, samples brought to you. Free in-home estimate: (425) 350-4435.",0
66cc1f4542ee0c42e43d0361,/,,,"Flooring Store & Mobile Showroom Lynnwood, WA | Wills Flooring","Flooring store & mobile showroom for Lynnwood, Everett, Bellevue & Seattle. Hardwood, LVP, laminate, carpet & tile samples at your home, free estimate.",
6718472f09b5f31f9e77a613,/flooring-installation-cost,,Flooring Installation Cost & Prices,Flooring Installation Cost & Hardwood Refinishing Prices | Seattle Area | Wills Flooring,"Flooring installation cost in the Seattle area: hardwood, LVP, laminate, carpet & refinishing prices per sq ft. Free in-home estimate: (425) 350-4435.",
67da94a4467b76ba37379a0c,/flooring-calculator,,Flooring Cost Calculator,"Flooring Cost Calculator | Vinyl, Laminate, Hardwood, Refinishing","Estimate your flooring cost in seconds: vinyl, laminate, hardwood installation and refinishing per square foot. Free in-home estimate: (425) 350-4435.",
66cc1f4542ee0c42e43d0367,/about,,About Wills Flooring,About Wills Flooring | Local Flooring Installers Since 2013,"Wills Flooring has installed and refinished floors around Lynnwood, Everett, Bellevue and Seattle since 2013. Free in-home estimate: (425) 350-4435.",
66cc1f4542ee0c42e43d036a,/services,,Flooring Services,"Flooring Services | Installation, Refinishing, Tile & Repair","Hardwood, LVP, laminate, carpet & tile installation, hardwood refinishing and floor repair in Snohomish & King County. Free estimate: (425) 350-4435.",
66cc1f4542ee0c42e43d036e,/contact,,Contact Wills Flooring,Contact Wills Flooring | Book a Free In-Home Flooring Estimate,"Book a free in-home flooring estimate in Lynnwood, Everett, Bellevue or Seattle. Call (425) 350-4435 or schedule online with Wills Flooring.",
68c93344cf3e65c3604905fb,/why-were-different,,Why We're Different,Why Wills Flooring Is Different | Mobile Flooring Showroom,"We bring the showroom to you: samples in your light, one crew from demo to trim, 100+ five-star reviews. Free in-home estimate: (425) 350-4435.",
66cc1f4542ee0c42e43d036c,/financing,,Flooring Financing,Flooring Financing | Monthly Payment Plans | Wills Flooring,Flooring financing with monthly payment plans for installation and refinishing in the Seattle area. Free in-home estimate: (425) 350-4435.,
66cc1f4542ee0c42e43d036b,/products,,Flooring Products,"Flooring Products | Hardwood, LVP, Laminate, Carpet & Tile","Browse hardwood, luxury vinyl plank, laminate, carpet and tile we install around Lynnwood and Seattle. Free in-home estimate: (425) 350-4435.",
66cc1f4542ee0c42e43d036f,/gallery,,Flooring Project Gallery,Flooring Project Gallery | Installations & Refinishing Photos,"Photos of hardwood, LVP, laminate and tile projects finished by Wills Flooring across Snohomish & King County. Free in-home estimate: (425) 350-4435.",
66cc1f4542ee0c42e43d0370,/inspiration,,Flooring Inspiration,Flooring Inspiration & Design Ideas | Wills Flooring,"Flooring ideas for kitchens, living rooms and stairs: hardwood, LVP, laminate and tile looks we install. Free in-home estimate: (425) 350-4435.",
66cc1f4542ee0c42e43d036d,/blog,,Flooring Blog,"Flooring Blog | Care, Cost & Installation Tips | Wills Flooring","Guides on flooring cost, hardwood refinishing, LVP and laminate care from installers in Lynnwood, WA. Free in-home estimate: (425) 350-4435.",
66cc1f4542ee0c42e43d0379,/terms-and-conditions,,Terms & Conditions,Terms & Conditions | Wills Flooring,Terms and conditions for using the Wills Flooring website and for flooring installation and refinishing services in Washington.,
66cc1f4542ee0c42e43d037a,/privacy-policy,,Privacy Policy,Privacy Policy | Wills Flooring,"How Wills Flooring collects, uses and protects the information you share when requesting a free in-home flooring estimate.",
693c9c2ad6aac04e76e5c8b9,/thank-you,,Thank You,Thank You | Wills Flooring,Your flooring estimate request was received. Wills Flooring will call to confirm your appointment. Questions? Call (425) 350-4435.,
