/city-of-arlington/laminate-floor-installation-in-arlington-wa-flooring,/city-of-arlington/hardwood-floor-repair-in-arlington-wa
/city-of-whidbey-island/laminate-floor-installation-in-whidbey-island-wa-flooring,/city-of-whidbey-island/hardwood-floor-repair-in-whidbey-island-wa
/city-of-lake-stevens/laminate-floor-installation-in-lake-stevens-wa-waterproof-flooring,/city-of-lake-stevens/hardwood-floor-repair-in-lake-stevens-wa
/city-of-cottage-lake/laminate-floor-installation-in-cottage-lake-wa-waterproof-flooring,/city-of-cottage-lake/hardwood-floor-repair-in-cottage-lake-wa
/city-of-kenmore/laminate-floor-installation-in-kenmore-wa-waterproof-flooring,/city-of-kenmore/hardwood-floor-repair-in-kenmore-wa
/city-of-medina/laminate-floor-installation-in-medina-wa-waterproof-flooring,/city-of-medina/hardwood-floor-repair-in-medina-wa
/city-of-north-bend/laminate-floor-installation-in-north-bend-wa-flooring,/city-of-north-bend/hardwood-floor-repair-in-north-bend-wa
/city-of-snoqualmie/laminate-floor-installation-in-snoqualmie-wa-flooring,/city-of-snoqualmie/hardwood-floor-repair-in-snoqualmie-wa
/city-of-sammamish/laminate-floor-installation-in-sammamish-wa-flooring,/city-of-sammamish/hardwood-floor-repair-in-sammamish-wa
/city-of-issaquah/laminate-floor-installation-in-issaquah-wa-flooring,/city-of-issaquah/hardwood-floor-repair-in-issaquah-wa
/city-of-oak-harbor/laminate-floor-installation-in-oak-harbor-wa-flooring,/city-of-oak-harbor/hardwood-floor-repair-in-oak-harbor-wa
/city-of-renton/laminate-floor-installation-in-renton-wa-flooring,/city-of-renton/hardwood-floor-repair-in-renton-wa
/city-of-new-castle/laminate-floor-installation-in-newcastle-wa-waterproof-flooring,/city-of-new-castle/hardwood-floor-repair-in-newcastle-wa
/city-of-mercer-island/laminate-floor-installation-mercer-island-wa-waterproof-flooring,/city-of-mercer-island/hardwood-floor-repair-in-mercer-island-wa
/city-of-marysville/laminate-floor-installation-marysville-wa-waterproof-flooring,/city-of-marysville/hardwood-floor-repair-in-marysville-wa
/city-of-duvall/laminate-floor-installation-in-duvall-wa-waterproof-flooring,/city-of-duvall/hardwood-floor-repair-in-duvall-wa
/city-of-monroe/laminate-floor-installation-in-monroe-wa-waterproof-flooring,/city-of-monroe/hardwood-floor-repair-in-monroe-wa
/city-of-redmond/laminate-floor-installation-in-redmond-wa-waterproof-flooring,/city-of-redmond/hardwood-floor-repair-in-redmond-wa
/city-of-edmonds/laminate-floor-installation-in-edmonds-wa-waterproof-flooring,/city-of-edmonds/hardwood-floor-repair-in-edmonds-wa
/city-of-lynnwood/laminate-floor-installation-in-lynnwood-wa-waterproof-flooring,/city-of-lynnwood/hardwood-floor-repair-in-lynnwood-wa
/city-of-mukilteo/laminate-floor-installation-in-mukilteo-wa-waterproof-flooring,/city-of-mukilteo/hardwood-floor-repair-in-mukilteo-wa
/city-of-everett/laminate-floor-installation-in-everett-wa-waterproof-flooring,/city-of-everett/hardwood-floor-repair-in-everett-wa
/city-of-snohomish/laminate-floor-installation-in-snohomish-wa-waterproof-flooring,/city-of-snohomish/hardwood-floor-repair-in-snohomish-wa
/city-of-shoreline/laminate-floor-installation-in-shoreline-wa-waterproof-flooring,/city-of-shoreline/hardwood-floor-repair-in-shoreline-wa
/city-of-mill-creek/laminate-floor-installation-in-mill-creek-wa-waterproof-flooring,/city-of-mill-creek/hardwood-floor-repair-in-mill-creek-wa
/seattle/laminate-floor-installation-in-west-seattle-wa-waterproof-flooring,/seattle/vinyl-plank-flooring-installation-in-seattle-wa
/hardwood-floor-refinishing/laminate-floor-installation-in-bothell-wa-waterproof-flooring,/hardwood-floor-refinishing/hardwood-floor-repair-in-bothell-wa
/city-of-bellevue/laminate-floor-installation-in-bellevue-wa-laminate-flooring,/city-of-bellevue/hardwood-floor-repair-in-bellevue-wa
/city-of-kirkland/laminate-floor-installation-in-kirkland-wa-laminate-flooring,/city-of-kirkland/hardwood-floor-repair-in-kirkland-wa
/city-of-woodinville/laminate-floor-installation-in-woodinville-wa-laminate-flooring,/city-of-woodinville/hardwood-floor-repair-in-woodinville-wa
/city-of-newcastle/laminate-floor-installation-in-newcastle-wa-waterproof-flooring,/city-of-new-castle/hardwood-floor-repair-in-newcastle-wa
/city-of-kirkland/laminate-floor-,/city-of-kirkland/hardwood-floor-repair-in-kirkland-wa
/city-of-sammamish/laminate-floor-installation-in-sammamish-wa-flooring,/city-of-sammamish/hardwood-floor-repair-in-sammamish-wa
/city-of-duvall/laminate-floor-installation-in-duvall-wa-waterproof-flooring,/city-of-duvall/hardwood-floor-repair-in-duvall-wa
