/city-of-arlington/laminate-flooring-installation-in-arlington-wa,/city-of-arlington/vinyl-plank-flooring-installation-in-arlington-wa
/city-of-bellevue/laminate-flooring-installation-in-bellevue-wa,/city-of-bellevue/vinyl-plank-flooring-installation-in-bellevue-wa
/city-of-cottage-lake/laminate-flooring-installation-in-cottage-lake-wa,/city-of-cottage-lake/vinyl-plank-flooring-installation-in-cottage-lake-wa
/city-of-duvall/laminate-flooring-installation-in-duvall-wa,/city-of-duvall/vinyl-plank-flooring-installation-in-duvall-wa
/city-of-edmonds/laminate-flooring-installation-in-edmonds-wa,/city-of-edmonds/vinyl-plank-flooring-installation-in-edmonds-wa
/city-of-everett/laminate-flooring-installation-in-everett-wa,/city-of-everett/vinyl-plank-flooring-installation-in-everett-wa
/city-of-issaquah/laminate-flooring-installation-in-issaquah-wa,/city-of-issaquah/vinyl-plank-flooring-installation-in-issaquah-wa
/city-of-kenmore/laminate-flooring-installation-in-kenmore-wa,/city-of-kenmore/vinyl-plank-flooring-installation-in-kenmore-wa
/city-of-kirkland/laminate-flooring-installation-in-kirkland-wa,/city-of-kirkland/vinyl-plank-flooring-installation-in-kirkland-wa
/city-of-lake-stevens/laminate-flooring-installation-in-lake-stevens-wa,/city-of-lake-stevens/vinyl-plank-flooring-installation-in-lake-stevens-wa
/city-of-lynnwood/laminate-flooring-installation-in-lynnwood-wa,/city-of-lynnwood/vinyl-plank-flooring-installation-in-lynnwood-wa
/city-of-marysville/laminate-flooring-installation-in-marysville-wa,/city-of-marysville/vinyl-plank-flooring-installation-in-marysville-wa
/city-of-medina/laminate-flooring-installation-in-medina-wa,/city-of-medina/vinyl-plank-flooring-installation-in-medina-wa
/city-of-mercer-island/laminate-flooring-installation-in-mercer-island-wa,/city-of-mercer-island/vinyl-plank-flooring-installation-in-mercer-island-wa
/city-of-mill-creek/laminate-flooring-installation-in-mill-creek-wa,/city-of-mill-creek/vinyl-plank-flooring-installation-in-mill-creek-wa
/city-of-monroe/laminate-flooring-installation-in-monroe-wa,/city-of-monroe/vinyl-plank-flooring-installation-in-monroe-wa
/city-of-mukilteo/laminate-flooring-installation-in-mukilteo-wa,/city-of-mukilteo/vinyl-plank-flooring-installation-in-mukilteo-wa
/city-of-new-castle/laminate-flooring-installation-in-newcastle-wa,/city-of-new-castle/vinyl-plank-flooring-installation-in-newcastle-wa
/city-of-north-bend/laminate-flooring-installation-in-north-bend-wa,/city-of-north-bend/vinyl-plank-flooring-installation-in-north-bend-wa
/city-of-oak-harbor/laminate-flooring-installation-in-oak-harbor-wa,/city-of-oak-harbor/vinyl-plank-flooring-installation-in-oak-harbor-wa
/city-of-redmond/laminate-flooring-installation-in-redmond-wa,/city-of-redmond/vinyl-plank-flooring-installation-in-redmond-wa
/city-of-renton/laminate-flooring-installation-in-renton-wa,/city-of-renton/vinyl-plank-flooring-installation-in-renton-wa
/city-of-sammamish/laminate-flooring-installation-in-sammamish-wa,/city-of-sammamish/vinyl-plank-flooring-installation-in-sammamish-wa
/city-of-shoreline/laminate-flooring-installation-in-shoreline-wa,/city-of-shoreline/vinyl-plank-flooring-installation-in-shoreline-wa
/city-of-snohomish/laminate-flooring-installation-in-snohomish-wa,/city-of-snohomish/vinyl-plank-flooring-installation-in-snohomish-wa
/city-of-snoqualmie/laminate-flooring-installation-in-snoqualmie-wa,/city-of-snoqualmie/vinyl-plank-flooring-installation-in-snoqualmie-wa
/city-of-whidbey-island/laminate-flooring-installation-in-whidbey-island-wa,/city-of-whidbey-island/vinyl-plank-flooring-installation-in-whidbey-island-wa
/city-of-woodinville/laminate-flooring-installation-in-woodinville-wa,/city-of-woodinville/vinyl-plank-flooring-installation-in-woodinville-wa
