/blog/prefinished-hardwood-vs-unfinished-hardwood-in-kirkland-wa-which-is-right-for-your-home,/blog/pre-finished-vs-site-finished-hardwood-floors
/blog/engineered-hardwood-vs-luxury-vinyl-plank-which-is-better-in-lynnwood-wa,/blog/what-is-better-laminate-or-engineered-hardwood
/services/quality-flooring-solutions-for-northwest-homebuilders,/services/commercial-flooring-installation
/city-of-snohomish/laminate-floor-installation-in-snohomish-wa,/city-of-snohomish/hardwood-floor-repair-in-snohomish-wa
/city-of-woodinville/carpet-installation-in-woodinville-wa,/city-of-woodinville/hardwood-floor-installation-in-woodinville-wa
/product/4-39-prima-floors-gw1-228-frontier,/services/our-products
/product/7-05-kentwood-collection-gulf-brushed-oak-vermilion-bay,/services/our-products
/product/9-27-mirage-imagine-collection-rock-cliff-red-oak,/services/our-products
/blog/how-often-do-hardwood-floors-need-to-be-refinished,/blog/how-many-times-can-a-wood-floor-be-sanded-and-refinished-in-the-seattle-wa-area
/city-of-everett/tile-installation-services-in-everett-wa,/city-of-everett/hardwood-floor-installation-in-everett-wa
/city-of-lynnwood/laminate-floor-installation-in-lynnwood-wa,/city-of-lynnwood/hardwood-floor-repair-in-lynnwood-wa
/city-of-mill-creek/carpet-installation-in-mill-creek-wa,/city-of-mill-creek/hardwood-floor-installation-in-mill-creek-wa
/city-of-snohomish/carpet-installation-in-snohomish-wa,/city-of-snohomish/hardwood-floor-installation-in-snohomish-wa
/city-of-snohomish/vinyl-floor-installation-in-snohomish-wa,/city-of-snohomish/vinyl-plank-flooring-installation-in-snohomish-wa
/city-of-woodinville/vinyl-floor-installation-in-woodinville-wa,/city-of-woodinville/vinyl-plank-flooring-installation-in-woodinville-wa
/hardwood-floor-refinishing/laminate-floor-installation-in-bothell-wa,/hardwood-floor-refinishing/hardwood-floor-repair-in-bothell-wa
/hardwood-floor-refinishing/tile-installation-in-bothell-wa,/hardwood-floor-refinishing/hardwood-floor-installation-in-bothell-wa
/hardwood-floor-refinishing/vinyl-floor-installation-in-bothell-wa,/hardwood-floor-refinishing/vinyl-plank-flooring-installation-in-bothell-wa
/seattle/vinyl-floor-installation-in-seattle-wa,/seattle/vinyl-plank-flooring-installation-in-seattle-wa
/services,/
/product/10-60-mirage-sweet-memories-collection-clay-marbles,/services/our-products
/product/3-85-prima-floors-gw1-238-york,/services/our-products
/product/6-12-mirage-elemental-collection-north-hatley-maple,/services/our-products
/product/6-65-prima-floors-gw334-da-vinci,/services/our-products
/product/8-87-mirage-muse-collection-rachel,/services/our-products
/product/9-53-mirage-flair-collection-patina,/services/our-products
/product/9-80-mirage-admiration-collection-nevada-red-oak,/services/our-products
/about,/about-us
/city-of-bellevue/vinyl-floor-installation-in-bellevue-wa,/city-of-bellevue/vinyl-plank-flooring-installation-in-bellevue-wa
/city-of-everett/laminate-floor-installation-in-everett-wa,/city-of-everett/hardwood-floor-repair-in-everett-wa
/city-of-everett/vinyl-floor-installation-in-everett-wa,/city-of-everett/vinyl-plank-flooring-installation-in-everett-wa
/city-of-kirkland/carpet-installation-in-kirkland-wa,/city-of-kirkland/hardwood-floor-installation-in-kirkland-wa
/city-of-lynnwood/vinyl-floor-installation-in-lynnwood-wa,/city-of-lynnwood/vinyl-plank-flooring-installation-in-lynnwood-wa
/city-of-mill-creek/laminate-floor-installation-in-mill-creek-wa,/city-of-mill-creek/hardwood-floor-repair-in-mill-creek-wa
/city-of-mukilteo/carpet-installation-in-mukilteo-wa,/city-of-mukilteo/hardwood-floor-installation-in-mukilteo-wa
/city-of-poulsbo/hardwood-flooring-services-in-poulsbo-wa-floor-installation,/services/hardwood-floor-installation
/city-of-shoreline/carpet-installation-in-shoreline-wa,/city-of-shoreline/hardwood-floor-installation-in-shoreline-wa
/city-of-shoreline/vinyl-floor-installation-in-shoreline-wa,/city-of-shoreline/vinyl-plank-flooring-installation-in-shoreline-wa
/city-of-snohomish/tile-installation-services-in-snohomish-wa,/city-of-snohomish/hardwood-floor-installation-in-snohomish-wa
/contacts,/contact
/hardwood-floor-refinishing/carpet-installation-in-bothell-wa,/hardwood-floor-refinishing/hardwood-floor-installation-in-bothell-wa
/seattle/laminate-floor-installation-in-seattle-wa-laminate-flooring,/seattle/vinyl-plank-flooring-installation-in-seattle-wa
/seattle/tile-installation-in-seattle-wa,/seattle/hardwood-floor-installation-in-seattle-wa
/services/hardwood-floor-refinishing-in-seattle,/seattle/hardwood-floor-refinishing-in-seattle-wa
/thank-you-estimate,/
/product/10-07-mirage-admiration-collection-platinum-maple,/services/our-products
/product/10-60-mirage-flair-collection-sailing-stone,/services/our-products
/product/10-60-mirage-imagine-collection-natural-hickory,/services/our-products
/product/3-85-prima-floors-gw1-241-athens,/services/our-products
/product/5-85-prima-floors-gw313-c-royal-oak,/services/our-products
/product/5-85-prima-floors-gw325-chester,/services/our-products
/product/5-85-prima-floors-gw339-new-castle,/services/our-products
/product/5-85-prima-floors-gw341-athens,/services/our-products
/product/5-85-prima-floors-gw342-bedford,/services/our-products
/product/6-12-mirage-elemental-collection-platinum-red-oak,/services/our-products
/product/6-12-mirage-elemental-collection-waterloo-red-oak,/services/our-products
/product/6-25-prima-floors-gwp202-gold-beach,/services/our-products
/product/6-65-mirage-dreamville-collection-aspen,/services/our-products
/product/6-65-mirage-dreamville-collection-bow-valley,/services/our-products
/product/6-65-mirage-dreamville-collection-hermosa,/services/our-products
/product/6-65-mirage-dreamville-collection-loveland,/services/our-products
/product/6-65-mirage-dreamville-collection-sanibel,/services/our-products
/product/6-65-prima-floors-gw336-cesare,/services/our-products
/product/7-40-mirage-escape-collection-new-haven,/services/our-products
/product/7-59-stonewood-grandville-Georgetown,/services/our-products
/product/8-33-mirage-muse-collection-ada,/services/our-products
/product/8-33-mirage-muse-collection-amelia,/services/our-products
/product/8-33-mirage-muse-collection-maud,/services/our-products
/product/8-52-prima-floors-gw413-royal-oak,/services/our-products
/product/8-87-mirage-muse-collection-ada,/services/our-products
/product/9-32-prima-floors-gw315-crown-oak,/services/our-products
/product/9-53-mirage-sweet-memories-collection-nougat,/services/our-products
/product/9-80-mirage-admiration-collection-charcoal-red-oak-2,/services/our-products
/product/9-80-mirage-admiration-collection-golden-red-oak,/services/our-products
/product/9-80-mirage-admiration-collection-sierra-red-oak,/services/our-products
/all-hardwood-flooring,/services/our-products
/city-of-bothell/hardwood-floor-refinishing-in-bothell-wa,/hardwood-floor-refinishing/hardwood-floor-refinishing-in-bothell-wa
/city-of-everett/carpet-installation-in-carpet-wa,/city-of-everett/hardwood-floor-installation-in-everett-wa
/city-of-mill-creek/vinyl-floor-installation-in-mill-creek-wa,/city-of-mill-creek/vinyl-plank-flooring-installation-in-mill-creek-wa
/city-of-mukilteo/laminate-floor-installation-in-mukilteo-wa,/city-of-mukilteo/hardwood-floor-repair-in-mukilteo-wa
/city-of-mukilteo/tile-installation-services-in-mukilteo-wa,/city-of-mukilteo/hardwood-floor-installation-in-mukilteo-wa
/city-of-mukilteo/vinyl-floor-installation-in-mukilteo-wa,/city-of-mukilteo/vinyl-plank-flooring-installation-in-mukilteo-wa
/city-of-newcastle/vinyl-plank-flooring-installation-in-newcastle-wa-lvp-floor,/city-of-new-castle/vinyl-plank-flooring-installation-in-newcastle-wa
/city-of-shoreline/laminate-floor-installation-in-shoreline-wa,/city-of-shoreline/hardwood-floor-repair-in-shoreline-wa
/city-of-shoreline/tile-installation-services-in-shoreline-wa,/city-of-shoreline/hardwood-floor-installation-in-shoreline-wa
/repair,/services/flooring-repair
/team,/about-us
/vinyl-plank-flooring-installation,/services/vinyl-plank-flooring-and-laminate-flooring
/product/10-07-mirage-admiration-collection-graphite-maple,/services/our-products
/product/10-07-mirage-admiration-collection-nevada-maple,/services/our-products
/product/10-60-mirage-flair-collection-desert-rose,/services/our-products
/product/10-60-mirage-flair-collection-lunar-eclipse,/services/our-products
/product/10-60-mirage-flair-collection-sandy-reef,/services/our-products
/product/10-60-mirage-flair-collection-snowdrift,/services/our-products
/product/10-60-mirage-flair-collection-stardust,/services/our-products
/product/10-60-mirage-flair-collection-white-mist,/services/our-products
/product/11-13-mirage-natural-collection-natural-white-oak,/services/our-products
/product/11-20-mirage-natural-collection-natural-white-oak-r-q,/services/our-products
/product/14-60-mirage-chevron-collection-rocking-horse,/services/our-products
/product/3-85-prima-floors-gw1-239-new-castle,/services/our-products
/product/6-12-mirage-elemental-collection-hudson-maple,/services/our-products
/product/6-12-mirage-elemental-collection-natural-red-oak,/services/our-products
/product/6-12-mirage-elemental-collection-north-hatley-red-oak,/services/our-products
/product/6-12-mirage-elemental-collection-platinum-maple,/services/our-products
/product/6-12-mirage-elemental-collection-windsor-red-oak,/services/our-products
/product/6-64-prima-floors-gw332-raphael,/services/our-products
/product/6-65-mirage-dreamville-collection-morro-bay,/services/our-products
/product/6-65-mirage-dreamville-collection-tofino,/services/our-products
/product/6-65-prima-floors-gw333-titian,/services/our-products
/product/6-65-prima-floors-gw335-dante,/services/our-products
/product/7-19-mirage-natural-collection-natural-red-oak,/services/our-products
/product/7-40-mirage-dreamville-collection-park-city,/services/our-products
/product/7-40-mirage-escape-collection-carmel,/services/our-products
/product/7-40-mirage-escape-collection-cold-springs,/services/our-products
/product/7-40-mirage-escape-collection-destin,/services/our-products
/product/8-33-mirage-muse-collection-grace,/services/our-products
/product/8-33-mirage-muse-collection-hattie,/services/our-products
/product/8-33-mirage-muse-collection-ingrid,/services/our-products
/product/8-33-mirage-muse-collection-rachel,/services/our-products
/product/8-52-prima-floors-gwp450-royal-hard-maple,/services/our-products
/product/8-87-mirage-muse-collection-grace,/services/our-products
/product/8-87-mirage-muse-collection-maud,/services/our-products
/product/9-27-mirage-imagine-collection-driftwood,/services/our-products
/product/9-27-mirage-imagine-collection-papyrus-red-oak,/services/our-products
/product/9-32-prima-floors-gw313-royal-oak,/services/our-products
/product/9-53-mirage-imagine-collection-driftwood,/services/our-products
/product/9-53-mirage-imagine-collection-rock-cliff,/services/our-products
/product/9-53-mirage-muse-collection-white-mist,/services/our-products
/product/9-53-mirage-natural-collection-natural-maple,/services/our-products
/product/9-80-mira-admiration-collection-rio-red-oak,/services/our-products
/product/9-80-mirage-admiration-collection-graphite-red-oak,/services/our-products
/product/9-80-mirage-admiration-collection-nordic-red-oak,/services/our-products
/product/9-80-mirage-admiration-collection-platinum-red-oak,/services/our-products
/thank-you,/
