/services-near-me/hardwood-floor-staining,/flooring-services-near-me/hardwood-floor-staining
/services-near-me/laminate-flooring-installation,/flooring-services-near-me/laminate-flooring-installation
/services-near-me/stair-installation-and-remodeling,/flooring-services-near-me/stair-installation-and-remodeling
/services-near-me/wood-wall-panels,/flooring-services-near-me/wood-wall-panels
/services-near-me/solid-hardwood-flooring,/flooring-services-near-me/solid-hardwood-flooring
/services-near-me/unfinished-hardwood-floors,/flooring-services-near-me/unfinished-hardwood-floors
/services-near-me/buff-and-recoat-hardwood-floors,/flooring-services-near-me/buff-and-recoat-hardwood-floors
/services/floor-refinishing,/flooring-services-near-me/floor-refinishing
/services-near-me/eco-friendly-floor-refinishing,/flooring-services-near-me/eco-friendly-floor-refinishing
/services-near-me/dustless-floor-sanding,/flooring-services-near-me/dustless-floor-sanding
/services-near-me/engineered-hardwood-flooring,/flooring-services-near-me/engineered-hardwood-flooring
/services-near-me/our-products,/flooring-services-near-me/our-products
/services-near-me/floor-refinishing,/flooring-services-near-me/floor-refinishing
/services/flooring-repair,/flooring-services-near-me/flooring-repair
/seattle/vinyl-floor-plank-installation-west-seattle-wa-flooring,/seattle/vinyl-plank-flooring-installation-in-seattle-wa
/services/seattle-wa-wood-wall-paneling-acoustic-panels,/flooring-services-near-me/wood-wall-panels
/city-of-everett/laminate-floor-installation-in-everett-wa-waterproof-flooring,/city-of-everett/vinyl-plank-flooring-installation-in-everett-wa
/city-of-redmond/laminate-floor-installation-in-redmond-wa-waterproof-flooring,/city-of-redmond/vinyl-plank-flooring-installation-in-redmond-wa
/city-of-monroe/laminate-floor-installation-in-monroe-wa-waterproof-flooring,/city-of-monroe/vinyl-plank-flooring-installation-in-monroe-wa
/services/hardwood-floor-installation,/flooring-services-near-me/hardwood-floor-installation
/city-of-kirkland/laminate-floor-installation-in-kirkland-wa-laminate-flooring,/city-of-kirkland/vinyl-plank-flooring-installation-in-kirkland-wa
/city-of-everett/hardwood-floor-refinishing-in-everett-wa-flooring-floors,/city-of-everett/hardwood-floor-refinishing-in-everett-wa
/city-of-mercer-island/laminate-floor-installation-mercer-island-wa-waterproof-flooring,/city-of-mercer-island/vinyl-plank-flooring-installation-in-mercer-island-wa
/city-of-renton/vinyl-plank-flooring-installation-in-renton-wa-lvp-floor,/city-of-renton/vinyl-plank-flooring-installation-in-renton-wa
/city-of-snohomish/laminate-floor-installation-in-snohomish-wa-waterproof-flooring,/city-of-snohomish/vinyl-plank-flooring-installation-in-snohomish-wa
/city-of-lynnwood/laminate-floor-installation-in-lynnwood-wa-waterproof-flooring,/city-of-lynnwood/vinyl-plank-flooring-installation-in-lynnwood-wa
/city-of-renton/hardwood-flooring-services-renton-floor-installation,/city-of-renton/hardwood-floor-installation-in-renton-wa
/seattle/laminate-floor-installation-in-west-seattle-wa-waterproof-flooring,/seattle/vinyl-plank-flooring-installation-in-seattle-wa
/city-of-snohomish/hardwood-floor-refinishing-in-snohomish-wa-flooring-floors,/city-of-snohomish/hardwood-floor-refinishing-in-snohomish-wa
/hardwood-floor-refinishing/hardwood-flooring-services-in-bothell-wa,/hardwood-floor-refinishing/hardwood-floor-installation-in-bothell-wa
/city-of-bellevue/hardwood-floor-refinishing-in-bellevue-wa,/
/services/vinyl-plank-flooring-and-laminate-flooring,/flooring-services-near-me/vinyl-plank-flooring-and-laminate-flooring
/city-of-redmond/hardwood-floor-services-in-redmond-wa,/city-of-redmond/hardwood-floor-installation-in-redmond-wa
/services/hardwood-floor-maintenance,/flooring-services-near-me/hardwood-floor-maintenance
/city-of-redmond/vinyl-plank-flooring-installation-in-redmond-wa-lvp-floor,/city-of-redmond/vinyl-plank-flooring-installation-in-redmond-wa
/services/stair-installation-in-lynnwood-wa,/flooring-services-near-me/stair-installation-and-remodeling
/services/our-products,/flooring-services-near-me/our-products
/city-of-lake-stevens/hardwood-flooring-services-lake-stevens-wa-floor-installation,/city-of-lake-stevens/hardwood-floor-installation-in-lake-stevens-wa
/city-of-arlington/laminate-floor-installation-in-arlington-wa-flooring,/arlington/vinyl-plank-flooring-installation
/city-of-shoreline/laminate-floor-installation-in-shoreline-wa-waterproof-flooring,/city-of-shoreline/vinyl-plank-flooring-installation-in-shoreline-wa
/city-of-renton/laminate-floor-installation-in-renton-wa-flooring,/city-of-renton/vinyl-plank-flooring-installation-in-renton-wa
/hardwood-floor-refinishing/laminate-floor-installation-in-bothell-wa-waterproof-flooring,/hardwood-floor-refinishing/vinyl-plank-flooring-installation-in-bothell-wa
/city-of-lynnwood/hardwood-floor-refinishing-in-lynnwood-wa-flooring-floors,/city-of-lynnwood/hardwood-floor-refinishing-in-lynnwood-wa
/city-of-duvall/vinyl-plank-flooring-installation-in-duvall-wa-lvp-floor,/city-of-duvall/vinyl-plank-flooring-installation-in-duvall-wa
/city-of-bellevue/laminate-floor-installation-in-bellevue-wa-laminate-flooring,/city-of-bellevue/vinyl-plank-flooring-installation-in-bellevue-wa
/city-of-snohomish/vinyl-floor-plank-installation-in-snohomish-wa-waterproof-flooring,/city-of-snohomish/vinyl-plank-flooring-installation-in-snohomish-wa
/city-of-snohomish/hardwood-floor-installation-services-snohomish-wa-flooring,/city-of-snohomish/hardwood-floor-installation-in-snohomish-wa
/services/laminate-flooring-installation,/flooring-services-near-me/laminate-flooring-installation
/city-of-north-bend/hardwood-floor-installation-in-north-bend-solid-flooring,/city-of-north-bend/hardwood-floor-installation-in-north-bend-wa
/blog/how-much-does-carpet-installation-cost-in-bothell-wa-with-oc-flooring-company,/blog/carpet-installation-cost-bothell-wa
/city-of-issaquah/laminate-floor-installation-in-issaquah-wa-flooring,/city-of-issaquah/vinyl-plank-flooring-installation-in-issaquah-wa
/city-of-sammamish/laminate-floor-installation-in-sammamish-wa-flooring,/city-of-sammamish/vinyl-plank-flooring-installation-in-sammamish-wa
/city-of-marysville/hardwood-flooring-services-marysville-wa-floor-installation,/city-of-marysville/hardwood-floor-installation-in-marysville-wa
/city-of-mill-creek/laminate-floor-installation-in-mill-creek-wa-waterproof-flooring,/city-of-mill-creek/vinyl-plank-flooring-installation-in-mill-creek-wa
/city-of-snoqualmie/laminate-floor-installation-in-snoqualmie-wa-flooring,/city-of-snoqualmie/vinyl-plank-flooring-installation-in-snoqualmie-wa
/city-of-edmonds/laminate-floor-installation-in-edmonds-wa-waterproof-flooring,/city-of-edmonds/vinyl-plank-flooring-installation-in-edmonds-wa
/blog/engineered-hardwood-vs-luxury-vinyl-plank-which-is-better-in-lynnwood-wa,/blog/what-is-better-laminate-or-engineered-hardwood
/city-of-north-bend/laminate-floor-installation-in-north-bend-wa-flooring,/city-of-north-bend/vinyl-plank-flooring-installation-in-north-bend-wa
/city-of-new-castle/laminate-floor-installation-in-newcastle-wa-waterproof-flooring,/city-of-new-castle/vinyl-plank-flooring-installation-in-newcastle-wa
/services/unfinished-hardwood-floors,/flooring-services-near-me/unfinished-hardwood-floors
/city-of-lynnwood/vinyl-floor-plank-installation-in-lynnwood-wa-waterproof-flooring,/city-of-lynnwood/vinyl-plank-flooring-installation-in-lynnwood-wa
/city-of-monroe/hardwood-flooring-services-in-monroe-wa,/city-of-monroe/hardwood-floor-installation-in-monroe-wa
/city-of-monroe/hardwood-floor-installation-in-monroe-wa-solid-flooring,/city-of-monroe/hardwood-floor-installation-in-monroe-wa
/city-of-arlington/hardwood-flooring-services-in-arlington-wa-floor-installation,/arlington/hardwood-floor-installation
/services/commercial-flooring-services-in-seattle-wa-by-oc-flooring,/flooring-services-near-me/commercial-flooring-installation
/city-of-north-bend/hardwood-flooring-services-in-north-bend-wa-floor-installation,/city-of-north-bend/hardwood-floor-installation-in-north-bend-wa
/city-of-duvall/laminate-floor-installation-in-duvall-wa-waterproof-flooring,/city-of-duvall/vinyl-plank-flooring-installation-in-duvall-wa
/city-of-sammamish/hardwood-flooring-services-in-sammamish-wa-floor-installation,/city-of-sammamish/hardwood-floor-installation-in-sammamish-wa
/seattle/laminate-flooring-installation-in-seattle-wa,/seattle/vinyl-plank-flooring-installation-in-seattle-wa
/services/hardwood-floor-staining,/flooring-services-near-me/hardwood-floor-staining
/city-of-issaquah/hardwood-flooring-services-in-issaquah-wa-floor-installation,/city-of-issaquah/hardwood-floor-installation-in-issaquah-wa
/city-of-bellevue/flooring-installation-in-bellevue-wa,/city-of-bellevue/hardwood-floor-installation-in-bellevue-wa
/city-of-edmonds/hardwood-floor-installation-in-edmonds-wa-2,/city-of-edmonds/hardwood-floor-installation-in-edmonds-wa
/services/dustless-floor-sanding,/flooring-services-near-me/dustless-floor-sanding
/city-of-issaquah/vinyl-plank-flooring-installation-in-issaquah-wa-lvp-floor,/city-of-issaquah/vinyl-plank-flooring-installation-in-issaquah-wa
/city-of-lake-stevens/laminate-floor-installation-in-lake-stevens-wa-waterproof-flooring,/city-of-lake-stevens/vinyl-plank-flooring-installation-in-lake-stevens-wa
/city-of-everett/vinyl-floor-plank-installation-in-everett-wa-waterproof-flooring,/city-of-everett/vinyl-plank-flooring-installation-in-everett-wa
/services/flooring-material,/flooring-services-near-me/our-products
/city-of-bellevue/https-www-nwocflooring-com-service-area-hardwood-flooring-services-in-bellevue-wa,/city-of-bellevue/hardwood-floor-installation-in-bellevue-wa
/city-of-edmonds/vinyl-plank-flooring-installation-in-lynnwood-wa-waterproof-floor,/city-of-edmonds/vinyl-plank-flooring-installation-in-edmonds-wa
/blog/prefinished-hardwood-vs-unfinished-hardwood-in-kirkland-wa-which-is-right-for-your-home,/blog/pre-finished-vs-site-finished-hardwood-floors
/city-of-monroe/vinyl-plank-flooring-installation-in-monroe-wa-lvp-floor,/city-of-monroe/vinyl-plank-flooring-installation-in-monroe-wa
/city-of-kirkland/vinyl-floor-installation-in-kirkland-wa,/city-of-kirkland/vinyl-plank-flooring-installation-in-kirkland-wa
/city-of-lynnwood/laminate-flooring-installation-in-lynnwood-wa,/city-of-lynnwood/vinyl-plank-flooring-installation-in-lynnwood-wa
/city-of-lake-stevens/hardwood-floor-installation-in-lake-stevens-wa-solid-flooring,/city-of-lake-stevens/hardwood-floor-installation-in-lake-stevens-wa
/city-of-kenmore/laminate-floor-installation-in-kenmore-wa-waterproof-flooring,/city-of-kenmore/vinyl-plank-flooring-installation-in-kenmore-wa
/hardwood-floor-refinishing/vinyl-floor-installation-bothell-wa-waterproof-flooring,/hardwood-floor-refinishing/vinyl-plank-flooring-installation-in-bothell-wa
/city-of-arlington/vinyl-plank-flooring-installation-in-arlington-wa-lvp-floor,/arlington/vinyl-plank-flooring-installation
/city-of-duvall/hardwood-flooring-services-in-duvall-wa-floor-installation,/city-of-duvall/hardwood-floor-installation-in-duvall-wa
/city-of-snoqualmie/hardwood-floor-installation-in-snoqualmie-wa-solid-flooring,/city-of-snoqualmie/hardwood-floor-installation-in-snoqualmie-wa
/city-of-woodinville/laminate-floor-installation-in-woodinville-wa-laminate-flooring,/city-of-woodinville/vinyl-plank-flooring-installation-in-woodinville-wa
/city-of-shoreline/hardwood-floor-installation-services-shoreline-wa-flooring,/city-of-shoreline/hardwood-floor-installation-in-shoreline-wa
/city-of-medina/hardwood-floor-installation-in-medina-wa-solid-flooring,/city-of-medina/hardwood-floor-installation-in-medina-wa
/city-of-marysville/vinyl-plank-flooring-installation-in-marysville-wa-lvp-floor,/city-of-marysville/vinyl-plank-flooring-installation-in-marysville-wa
/city-of-new-castle/hardwood-flooring-services-new-castle-floor-installation,/city-of-new-castle/hardwood-floor-installation-in-newcastle-wa
/city-of-shoreline/vinyl-floor-plank-installation-in-shoreline-wa-waterproof-flooring,/city-of-shoreline/vinyl-plank-flooring-installation-in-shoreline-wa
/city-of-sammamish/hardwood-floor-installation-in-sammamish-wa-solid-flooring,/city-of-sammamish/hardwood-floor-installation-in-sammamish-wa
/city-of-new-castle/hardwood-floor-installation-in-newcastle-wa-solid-flooring,/city-of-new-castle/hardwood-floor-installation-in-newcastle-wa
/services/dustless-floor-sanding-copy,/flooring-services-near-me/dustless-floor-sanding
/city-of-arlington/hardwood-floor-installation-in-arlington-wa,/arlington/hardwood-floor-installation
/city-of-woodinville/vinyl-floor-installation-in-woodinville-wa-lvp-flooring,/city-of-woodinville/vinyl-plank-flooring-installation-in-woodinville-wa
/city-of-snoqualmie/vinyl-plank-flooring-installation-in-snoqualmie-wa-lvp-floor,/city-of-snoqualmie/vinyl-plank-flooring-installation-in-snoqualmie-wa
/city-of-bellevue/vinyl-floor-installation-bellevue-wa-waterproof-flooring,/city-of-bellevue/vinyl-plank-flooring-installation-in-bellevue-wa
/services/eco-friendly-floor-refinishing-sustainable-health,/flooring-services-near-me/eco-friendly-floor-refinishing
/city-of-mercer-island/hardwood-flooring-services-mercer-island-floor-installation,/city-of-mercer-island/hardwood-floor-installation-in-mercer-island-wa
/city-of-mercer-island/laminate-flooring-installation-in-mercer-island-wa,/city-of-mercer-island/vinyl-plank-flooring-installation-in-mercer-island-wa
/city-of-kenmore/vinyl-plank-flooring-installation-in-kenmore-wa-lvp-floor,/city-of-kenmore/vinyl-plank-flooring-installation-in-kenmore-wa
/services/engineered-hardwood-flooring,/flooring-services-near-me/engineered-hardwood-flooring
/city-of-mukilteo/laminate-floor-installation-in-mukilteo-wa-waterproof-flooring,/city-of-mukilteo/vinyl-plank-flooring-installation-in-mukilteo-wa
/city-of-kenmore/hardwood-floor-installation-in-kenmore-wa-solid-flooring,/city-of-kenmore/hardwood-floor-installation-in-kenmore-wa
/hardwood-floor-refinishing/laminate-flooring-installation-in-bothell-wa,/hardwood-floor-refinishing/vinyl-plank-flooring-installation-in-bothell-wa
/services/wood-wall-panels,/flooring-services-near-me/wood-wall-panels
/city-of-sammamish/vinyl-plank-flooring-installation-in-sammamish-wa-lvp-floor,/city-of-sammamish/vinyl-plank-flooring-installation-in-sammamish-wa
/city-of-lake-stevens/vinyl-plank-flooring-installation-lake-stevens-wa-lvp-floor,/city-of-lake-stevens/vinyl-plank-flooring-installation-in-lake-stevens-wa
/city-of-medina/vinyl-plank-flooring-installation-in-medina-wa-lvp-floor,/city-of-medina/vinyl-plank-flooring-installation-in-medina-wa
/city-of-snoqualmie/hardwood-flooring-services-in-snoqualmie-wa-floor-installation,/city-of-snoqualmie/hardwood-floor-installation-in-snoqualmie-wa
/city-of-redmond/laminate-flooring-installation-in-redmond-wa,/city-of-redmond/vinyl-plank-flooring-installation-in-redmond-wa
/city-of-oak-harbor/hardwood-flooring-services-oak-harbor-floor-installation,/city-of-oak-harbor/hardwood-floor-installation-in-oak-harbor-wa
/services/buff-and-recoat-hardwood-floors,/flooring-services-near-me/buff-and-recoat-hardwood-floors
/city-of-oak-harbor/vinyl-plank-flooring-installation-in-oak-harbor-wa-lvp-floor,/city-of-oak-harbor/vinyl-plank-flooring-installation-in-oak-harbor-wa
/city-of-bellevue/laminate-flooring-installation-in-bellevue-wa,/city-of-bellevue/vinyl-plank-flooring-installation-in-bellevue-wa
/city-of-marysville/laminate-floor-installation-marysville-wa-waterproof-flooring,/city-of-marysville/vinyl-plank-flooring-installation-in-marysville-wa
/city-of-north-bend/vinyl-plank-flooring-installation-in-north-bend-wa-lvp-floor,/city-of-north-bend/vinyl-plank-flooring-installation-in-north-bend-wa
/city-of-oak-harbor/laminate-floor-installation-in-oak-harbor-wa-flooring,/city-of-oak-harbor/vinyl-plank-flooring-installation-in-oak-harbor-wa
/city-of-sammamish/laminate-flooring-installation-in-sammamish-wa,/city-of-sammamish/vinyl-plank-flooring-installation-in-sammamish-wa
/city-of-cottage-lake/laminate-floor-installation-in-cottage-lake-wa-waterproof-flooring,/city-of-cottage-lake/vinyl-plank-flooring-installation-in-cottage-lake-wa
/city-of-everett/laminate-flooring-installation-in-everett-wa,/city-of-everett/vinyl-plank-flooring-installation-in-everett-wa
/city-of-mercer-island/vinyl-plank-flooring-installation-in-mercer-island-wa-lvp-floor,/city-of-mercer-island/vinyl-plank-flooring-installation-in-mercer-island-wa
/city-of-kirkland/laminate-flooring-installation-in-kirkland-wa,/city-of-kirkland/vinyl-plank-flooring-installation-in-kirkland-wa
/services/quality-flooring-solutions-for-northwest-homebuilders,/flooring-services-near-me/commercial-flooring-installation
/city-of-whidbey-island/hardwood-flooring-services-whidbey-island-floor-installation,/city-of-whidbey-island/hardwood-floor-installation-in-whidbey-island-wa
/services/stair-installation-and-remodeling,/flooring-services-near-me/stair-installation-and-remodeling
/city-of-duvall/hardwood-floor-installation-in-duvall-wa-solid-flooring,/city-of-duvall/hardwood-floor-installation-in-duvall-wa
/blog/your-go-to-flooring-carpet-installation-service-in-mill-creek-wa,/blog/flooring-guide-mill-creek-wa
/city-of-monroe/laminate-flooring-installation-in-monroe-wa,/city-of-monroe/vinyl-plank-flooring-installation-in-monroe-wa
/city-of-medina/hardwood-flooring-services-in-medina-wa-floor-installation,/city-of-medina/hardwood-floor-installation-in-medina-wa
/city-of-cottage-lake/hardwood-flooring-services-cottage-lake-wa-floor-installation,/city-of-cottage-lake/hardwood-floor-installation-in-cottage-lake-wa
/city-of-renton/laminate-flooring-installation-in-renton-wa,/city-of-renton/vinyl-plank-flooring-installation-in-renton-wa
/city-of-kenmore/hardwood-flooring-services-in-kenmore-wa-floor-installation,/city-of-kenmore/hardwood-floor-installation-in-kenmore-wa
/city-of-medina/laminate-floor-installation-in-medina-wa-waterproof-flooring,/city-of-medina/vinyl-plank-flooring-installation-in-medina-wa
/city-of-whidbey-island/laminate-floor-installation-in-whidbey-island-wa-flooring,/city-of-whidbey-island/vinyl-plank-flooring-installation-in-whidbey-island-wa
/blog/top-5-affordable-flooring-options-in-lynnwood-you-cant-miss,/blog/5-carpet-options-for-carpet-installation-in-lynnwood-wa
/city-of-snohomish/laminate-flooring-installation-in-snohomish-wa,/city-of-snohomish/vinyl-plank-flooring-installation-in-snohomish-wa
/city-of-mukilteo/hardwood-floor-refinishing-in-mukilteo-wa-flooring-floors,/city-of-mukilteo/hardwood-floor-refinishing-in-mukilteo-wa
/services/eco-friendly-floor-refinishing,/flooring-services-near-me/eco-friendly-floor-refinishing
/city-of-shoreline/laminate-flooring-installation-in-shoreline-wa,/city-of-shoreline/vinyl-plank-flooring-installation-in-shoreline-wa
/city-of-oak-harbor/hardwood-floor-installation-in-oak-harbor-wa-solid-flooring,/city-of-oak-harbor/hardwood-floor-installation-in-oak-harbor-wa
/city-of-new-castle/vinyl-plank-flooring-installation-in-newcastle-wa-lvp-floor,/city-of-new-castle/vinyl-plank-flooring-installation-in-newcastle-wa
/city-of-bellevue/hardwood-flooring-services-in-bellevue-wa,/city-of-bellevue/hardwood-floor-installation-in-bellevue-wa
/city-of-new-castle/laminate-flooring-installation-in-newcastle-wa,/city-of-new-castle/vinyl-plank-flooring-installation-in-newcastle-wa
/city-of-cottage-lake/hardwood-floor-installation-in-cottage-lake-solid-flooring,/city-of-cottage-lake/hardwood-floor-installation-in-cottage-lake-wa
/city-of-marysville/laminate-flooring-installation-in-marysville-wa,/city-of-marysville/vinyl-plank-flooring-installation-in-marysville-wa
/city-of-north-bend/laminate-flooring-installation-in-north-bend-wa,/city-of-north-bend/vinyl-plank-flooring-installation-in-north-bend-wa
/city-of-edmonds/laminate-flooring-installation-in-edmonds-wa,/city-of-edmonds/vinyl-plank-flooring-installation-in-edmonds-wa
/city-of-arlington/laminate-flooring-installation-in-arlington-wa,/arlington/vinyl-plank-flooring-installation
/services/commercial-flooring-installation,/flooring-services-near-me/commercial-flooring-installation
/city-of-cottage-lake/vinyl-plank-flooring-installation-in-cottage-lake-wa-lvp-floor,/city-of-cottage-lake/vinyl-plank-flooring-installation-in-cottage-lake-wa
/city-of-lake-stevens/laminate-flooring-installation-in-lake-stevens-wa,/city-of-lake-stevens/vinyl-plank-flooring-installation-in-lake-stevens-wa
/city-of-whidbey-island/vinyl-plank-flooring-installation-whidbey-island-wa-lvp-floor,/city-of-whidbey-island/vinyl-plank-flooring-installation-in-whidbey-island-wa
/product/7-05-kentwood-collection-gulf-brushed-oak-vermilion-bay,/flooring-services-near-me/our-products
/city-of-arlington/vinyl-plank-flooring-installation-in-arlington-wa,/arlington/vinyl-plank-flooring-installation
/city-of-snoqualmie/laminate-flooring-installation-in-snoqualmie-wa,/city-of-snoqualmie/vinyl-plank-flooring-installation-in-snoqualmie-wa
/city-of-mill-creek/vinyl-floor-plank-installation-mill-creek-wa-waterproof-flooring,/city-of-mill-creek/vinyl-plank-flooring-installation-in-mill-creek-wa
/city-of-mukilteo/laminate-flooring-installation-in-mukilteo-wa,/city-of-mukilteo/vinyl-plank-flooring-installation-in-mukilteo-wa
/services/insurance-restoration-services,/flooring-services-near-me/insurance-restoration-services
/city-of-arlington/hardwood-floor-refinishing-in-arlington-wa,/arlington/hardwood-floor-refinishing
/city-of-oak-harbor/laminate-flooring-installation-in-oak-harbor-wa,/city-of-oak-harbor/vinyl-plank-flooring-installation-in-oak-harbor-wa
/city-of-mill-creek/laminate-flooring-installation-in-mill-creek-wa,/city-of-mill-creek/vinyl-plank-flooring-installation-in-mill-creek-wa
/blog/what-is-the-best-flooring-to-put-in-a-new-house-oc-floorings-showroom-in-lynnwood-wa-has-you-covered-2,/blog/what-to-know-about-home-flooring-installation
/city-of-kenmore/laminate-flooring-installation-in-kenmore-wa,/city-of-kenmore/vinyl-plank-flooring-installation-in-kenmore-wa
/city-of-woodinville/laminate-flooring-installation-in-woodinville-wa,/city-of-woodinville/vinyl-plank-flooring-installation-in-woodinville-wa
/city-of-mukilteo/vinyl-floor-plank-installation-in-mukilteo-wa-waterproof-flooring,/city-of-mukilteo/vinyl-plank-flooring-installation-in-mukilteo-wa
/city-of-issaquah/laminate-flooring-installation-in-issaquah-wa,/city-of-issaquah/vinyl-plank-flooring-installation-in-issaquah-wa
/city-of-whidbey-island/laminate-flooring-installation-in-whidbey-island-wa,/city-of-whidbey-island/vinyl-plank-flooring-installation-in-whidbey-island-wa
/city-of-duvall/laminate-flooring-installation-in-duvall-wa,/city-of-duvall/vinyl-plank-flooring-installation-in-duvall-wa
/services/flooring-store,/flooring-services-near-me/flooring-store
/city-of-bellevue/hardwood-floor-refinishing-restoration-in-bellevue-wa,/
/city-of-medina/laminate-flooring-installation-in-medina-wa,/city-of-medina/vinyl-plank-flooring-installation-in-medina-wa
/city-of-cottage-lake/laminate-flooring-installation-in-cottage-lake-wa,/city-of-cottage-lake/vinyl-plank-flooring-installation-in-cottage-lake-wa
/city-of-arlington/tile-installation-in-arlington-wa,/arlington/tile-installation
/services/premium-solid-hardwood-flooring-installation-services,/flooring-services-near-me/solid-hardwood-flooring
/services/solid-hardwood-flooring,/flooring-services-near-me/solid-hardwood-flooring
/thank-you,/contact
/city-of-arlington/hardwood-floor-repair-in-arlington-wa,/arlington/hardwood-floor-repair
/product/6-65-prima-floors-gw331-mona-lisa,/flooring-services-near-me/our-products
/blog/wood-floor-stain-colors-how-to-choose-the-right-stain-for-hardwood-floors,/blog/what-color-should-i-stain-my-wood-floors
/city-of-arlington/carpet-installation-in-arlington-wa,/arlington/carpet-installation
