/seattle/laminate-flooring-installation-in-seattle-wa,/seattle/vinyl-plank-flooring-installation-in-seattle-wa
/services/seattle-wa-wood-wall-paneling-acoustic-panels,/services/wood-wall-panels
/seattle/vinyl-floor-plank-installation-west-seattle-wa-flooring,/seattle/vinyl-plank-flooring-installation-in-seattle-wa
/city-of-lynnwood/laminate-floor-installation-in-lynnwood-wa-waterproof-flooring,/city-of-lynnwood/vinyl-plank-flooring-installation-in-lynnwood-wa
/hardwood-floor-refinishing/laminate-flooring-installation-in-bothell-wa,/hardwood-floor-refinishing/vinyl-plank-flooring-installation-in-bothell-wa
/city-of-lynnwood/vinyl-floor-plank-installation-in-lynnwood-wa-waterproof-flooring,/city-of-lynnwood/vinyl-plank-flooring-installation-in-lynnwood-wa
/blog/how-much-does-carpet-installation-cost-in-bothell-wa-with-oc-flooring-company,/blog/carpet-installation-cost-bothell-wa
/city-of-renton/vinyl-plank-flooring-installation-in-renton-wa-lvp-floor,/city-of-renton/vinyl-plank-flooring-installation-in-renton-wa
/city-of-redmond/laminate-floor-installation-in-redmond-wa-waterproof-flooring,/city-of-redmond/vinyl-plank-flooring-installation-in-redmond-wa
/city-of-redmond/vinyl-plank-flooring-installation-in-redmond-wa-lvp-floor,/city-of-redmond/vinyl-plank-flooring-installation-in-redmond-wa
/seattle/laminate-floor-installation-in-west-seattle-wa-waterproof-flooring,/seattle/vinyl-plank-flooring-installation-in-seattle-wa
/city-of-kirkland/laminate-floor-installation-in-kirkland-wa-laminate-flooring,/city-of-kirkland/vinyl-plank-flooring-installation-in-kirkland-wa
/city-of-everett/laminate-floor-installation-in-everett-wa-waterproof-flooring,/city-of-everett/vinyl-plank-flooring-installation-in-everett-wa
/city-of-lynnwood/hardwood-floor-refinishing-in-lynnwood-wa-flooring-floors,/city-of-lynnwood/hardwood-floor-refinishing-in-lynnwood-wa
/city-of-mercer-island/laminate-floor-installation-mercer-island-wa-waterproof-flooring,/city-of-mercer-island/vinyl-plank-flooring-installation-in-mercer-island-wa
/city-of-monroe/laminate-floor-installation-in-monroe-wa-waterproof-flooring,/city-of-monroe/vinyl-plank-flooring-installation-in-monroe-wa
/city-of-everett/hardwood-floor-refinishing-in-everett-wa-flooring-floors,/city-of-everett/hardwood-floor-refinishing-in-everett-wa
/city-of-oak-harbor/hardwood-flooring-services-oak-harbor-floor-installation,/city-of-oak-harbor/hardwood-floor-installation-in-oak-harbor-wa
/city-of-bellevue/flooring-installation-in-bellevue-wa,/city-of-bellevue/hardwood-floor-installation-in-bellevue-wa
/city-of-redmond/hardwood-floor-services-in-redmond-wa,/city-of-redmond/hardwood-floor-installation-in-redmond-wa
/hardwood-floor-refinishing/laminate-floor-installation-in-bothell-wa-waterproof-flooring,/hardwood-floor-refinishing/vinyl-plank-flooring-installation-in-bothell-wa
/city-of-renton/laminate-floor-installation-in-renton-wa-flooring,/city-of-renton/vinyl-plank-flooring-installation-in-renton-wa
/city-of-snohomish/hardwood-floor-refinishing-in-snohomish-wa-flooring-floors,/city-of-snohomish/hardwood-floor-refinishing-in-snohomish-wa
/city-of-renton/hardwood-flooring-services-renton-floor-installation,/city-of-renton/hardwood-floor-installation-in-renton-wa
/city-of-marysville/hardwood-flooring-services-marysville-wa-floor-installation,/city-of-marysville/hardwood-floor-installation-in-marysville-wa
/city-of-everett/vinyl-floor-plank-installation-in-everett-wa-waterproof-flooring,/city-of-everett/vinyl-plank-flooring-installation-in-everett-wa
/city-of-sammamish/laminate-floor-installation-in-sammamish-wa-flooring,/city-of-sammamish/vinyl-plank-flooring-installation-in-sammamish-wa
/city-of-snohomish/hardwood-floor-installation-services-snohomish-wa-flooring,/city-of-snohomish/hardwood-floor-installation-in-snohomish-wa
/services/commercial-flooring-services-in-seattle-wa-by-oc-flooring,/services/commercial-flooring-installation
/services/flooring-material,/services/our-products
/services/stair-installation-in-lynnwood-wa,/services/stair-installation-and-remodeling
/city-of-monroe/hardwood-flooring-services-in-monroe-wa,/city-of-monroe/hardwood-floor-installation-in-monroe-wa
/services/dustless-floor-sanding-copy,/services/dustless-floor-sanding
/city-of-shoreline/vinyl-floor-plank-installation-in-shoreline-wa-waterproof-flooring,/city-of-shoreline/vinyl-plank-flooring-installation-in-shoreline-wa
/city-of-bellevue/laminate-floor-installation-in-bellevue-wa-laminate-flooring,/city-of-bellevue/vinyl-plank-flooring-installation-in-bellevue-wa
/city-of-monroe/hardwood-floor-installation-in-monroe-wa-solid-flooring,/city-of-monroe/hardwood-floor-installation-in-monroe-wa
/city-of-mukilteo/laminate-floor-installation-in-mukilteo-wa-waterproof-flooring,/city-of-mukilteo/vinyl-plank-flooring-installation-in-mukilteo-wa
/city-of-sammamish/hardwood-flooring-services-in-sammamish-wa-floor-installation,/city-of-sammamish/hardwood-floor-installation-in-sammamish-wa
/city-of-edmonds/laminate-floor-installation-in-edmonds-wa-waterproof-flooring,/city-of-edmonds/vinyl-plank-flooring-installation-in-edmonds-wa
/city-of-snohomish/vinyl-floor-plank-installation-in-snohomish-wa-waterproof-flooring,/city-of-snohomish/vinyl-plank-flooring-installation-in-snohomish-wa
/city-of-edmonds/hardwood-floor-installation-in-edmonds-wa-2,/city-of-edmonds/hardwood-floor-installation-in-edmonds-wa
/hardwood-floor-refinishing/vinyl-floor-installation-bothell-wa-waterproof-flooring,/hardwood-floor-refinishing/vinyl-plank-flooring-installation-in-bothell-wa
/city-of-arlington/vinyl-plank-flooring-installation-in-arlington-wa-lvp-floor,/city-of-arlington/vinyl-plank-flooring-installation-in-arlington-wa
/city-of-issaquah/vinyl-plank-flooring-installation-in-issaquah-wa-lvp-floor,/city-of-issaquah/vinyl-plank-flooring-installation-in-issaquah-wa
/city-of-shoreline/laminate-floor-installation-in-shoreline-wa-waterproof-flooring,/city-of-shoreline/vinyl-plank-flooring-installation-in-shoreline-wa
/city-of-north-bend/laminate-floor-installation-in-north-bend-wa-flooring,/city-of-north-bend/vinyl-plank-flooring-installation-in-north-bend-wa
/city-of-issaquah/hardwood-flooring-services-in-issaquah-wa-floor-installation,/city-of-issaquah/hardwood-floor-installation-in-issaquah-wa
/city-of-snoqualmie/laminate-floor-installation-in-snoqualmie-wa-flooring,/city-of-snoqualmie/vinyl-plank-flooring-installation-in-snoqualmie-wa
/city-of-north-bend/hardwood-floor-installation-in-north-bend-solid-flooring,/city-of-north-bend/hardwood-floor-installation-in-north-bend-wa
/city-of-bellevue/vinyl-floor-installation-bellevue-wa-waterproof-flooring,/city-of-bellevue/vinyl-plank-flooring-installation-in-bellevue-wa
/city-of-snohomish/laminate-floor-installation-in-snohomish-wa-waterproof-flooring,/city-of-snohomish/vinyl-plank-flooring-installation-in-snohomish-wa
/city-of-edmonds/vinyl-plank-flooring-installation-in-lynnwood-wa-waterproof-floor,/city-of-edmonds/vinyl-plank-flooring-installation-in-edmonds-wa
/city-of-issaquah/laminate-floor-installation-in-issaquah-wa-flooring,/city-of-issaquah/vinyl-plank-flooring-installation-in-issaquah-wa
/city-of-sammamish/vinyl-plank-flooring-installation-in-sammamish-wa-lvp-floor,/city-of-sammamish/vinyl-plank-flooring-installation-in-sammamish-wa
/city-of-arlington/hardwood-flooring-services-in-arlington-wa-floor-installation,/city-of-arlington/hardwood-floor-installation-in-arlington-wa
/city-of-kirkland/vinyl-floor-installation-in-kirkland-wa,/city-of-kirkland/vinyl-plank-flooring-installation-in-kirkland-wa
/city-of-lake-stevens/hardwood-floor-installation-in-lake-stevens-wa-solid-flooring,/city-of-lake-stevens/hardwood-floor-installation-in-lake-stevens-wa
/city-of-marysville/laminate-floor-installation-marysville-wa-waterproof-flooring,/city-of-marysville/vinyl-plank-flooring-installation-in-marysville-wa
/services/eco-friendly-floor-refinishing-sustainable-health,/services/eco-friendly-floor-refinishing
/city-of-new-castle/laminate-floor-installation-in-newcastle-wa-waterproof-flooring,/city-of-new-castle/vinyl-plank-flooring-installation-in-newcastle-wa
/city-of-sammamish/hardwood-floor-installation-in-sammamish-wa-solid-flooring,/city-of-sammamish/hardwood-floor-installation-in-sammamish-wa
/city-of-duvall/vinyl-plank-flooring-installation-in-duvall-wa-lvp-floor,/city-of-duvall/vinyl-plank-flooring-installation-in-duvall-wa
/city-of-marysville/vinyl-plank-flooring-installation-in-marysville-wa-lvp-floor,/city-of-marysville/vinyl-plank-flooring-installation-in-marysville-wa
/city-of-duvall/hardwood-flooring-services-in-duvall-wa-floor-installation,/city-of-duvall/hardwood-floor-installation-in-duvall-wa
/hardwood-floor-refinishing/hardwood-flooring-services-in-bothell-wa,/hardwood-floor-refinishing/hardwood-floor-installation-in-bothell-wa
/city-of-arlington/laminate-floor-installation-in-arlington-wa-flooring,/city-of-arlington/vinyl-plank-flooring-installation-in-arlington-wa
/city-of-kenmore/laminate-floor-installation-in-kenmore-wa-waterproof-flooring,/city-of-kenmore/vinyl-plank-flooring-installation-in-kenmore-wa
/city-of-lake-stevens/hardwood-flooring-services-lake-stevens-wa-floor-installation,/city-of-lake-stevens/hardwood-floor-installation-in-lake-stevens-wa
/city-of-north-bend/hardwood-flooring-services-in-north-bend-wa-floor-installation,/city-of-north-bend/hardwood-floor-installation-in-north-bend-wa
/city-of-new-castle/vinyl-plank-flooring-installation-in-newcastle-wa-lvp-floor,/city-of-new-castle/vinyl-plank-flooring-installation-in-newcastle-wa
/city-of-snoqualmie/hardwood-floor-installation-in-snoqualmie-wa-solid-flooring,/city-of-snoqualmie/hardwood-floor-installation-in-snoqualmie-wa
/city-of-monroe/vinyl-plank-flooring-installation-in-monroe-wa-lvp-floor,/city-of-monroe/vinyl-plank-flooring-installation-in-monroe-wa
/city-of-new-castle/hardwood-flooring-services-new-castle-floor-installation,/city-of-new-castle/hardwood-floor-installation-in-newcastle-wa
/city-of-whidbey-island/hardwood-flooring-services-whidbey-island-floor-installation,/city-of-whidbey-island/hardwood-floor-installation-in-whidbey-island-wa
/city-of-woodinville/vinyl-floor-installation-in-woodinville-wa-lvp-flooring,/city-of-woodinville/vinyl-plank-flooring-installation-in-woodinville-wa
/city-of-duvall/laminate-floor-installation-in-duvall-wa-waterproof-flooring,/city-of-duvall/vinyl-plank-flooring-installation-in-duvall-wa
/city-of-lake-stevens/vinyl-plank-flooring-installation-lake-stevens-wa-lvp-floor,/city-of-lake-stevens/vinyl-plank-flooring-installation-in-lake-stevens-wa
/blog/prefinished-hardwood-vs-unfinished-hardwood-in-kirkland-wa-which-is-right-for-your-home,/blog/pre-finished-vs-site-finished-hardwood-floors
/city-of-lake-stevens/laminate-floor-installation-in-lake-stevens-wa-waterproof-flooring,/city-of-lake-stevens/vinyl-plank-flooring-installation-in-lake-stevens-wa
/city-of-snoqualmie/hardwood-flooring-services-in-snoqualmie-wa-floor-installation,/city-of-snoqualmie/hardwood-floor-installation-in-snoqualmie-wa
/city-of-shoreline/hardwood-floor-installation-services-shoreline-wa-flooring,/city-of-shoreline/hardwood-floor-installation-in-shoreline-wa
/city-of-mill-creek/laminate-floor-installation-in-mill-creek-wa-waterproof-flooring,/city-of-mill-creek/vinyl-plank-flooring-installation-in-mill-creek-wa
/city-of-medina/hardwood-floor-installation-in-medina-wa-solid-flooring,/city-of-medina/hardwood-floor-installation-in-medina-wa
/city-of-new-castle/hardwood-floor-installation-in-newcastle-wa-solid-flooring,/city-of-new-castle/hardwood-floor-installation-in-newcastle-wa
/city-of-medina/vinyl-plank-flooring-installation-in-medina-wa-lvp-floor,/city-of-medina/vinyl-plank-flooring-installation-in-medina-wa
/city-of-whidbey-island/vinyl-plank-flooring-installation-whidbey-island-wa-lvp-floor,/city-of-whidbey-island/vinyl-plank-flooring-installation-in-whidbey-island-wa
/city-of-oak-harbor/laminate-floor-installation-in-oak-harbor-wa-flooring,/city-of-oak-harbor/vinyl-plank-flooring-installation-in-oak-harbor-wa
/city-of-duvall/hardwood-floor-installation-in-duvall-wa-solid-flooring,/city-of-duvall/hardwood-floor-installation-in-duvall-wa
/blog/engineered-hardwood-vs-luxury-vinyl-plank-which-is-better-in-lynnwood-wa,/blog/what-is-better-laminate-or-engineered-hardwood
/city-of-woodinville/laminate-floor-installation-in-woodinville-wa-laminate-flooring,/city-of-woodinville/vinyl-plank-flooring-installation-in-woodinville-wa
/city-of-mukilteo/hardwood-floor-refinishing-in-mukilteo-wa-flooring-floors,/city-of-mukilteo/hardwood-floor-refinishing-in-mukilteo-wa
/city-of-mukilteo/vinyl-floor-plank-installation-in-mukilteo-wa-waterproof-flooring,/city-of-mukilteo/vinyl-plank-flooring-installation-in-mukilteo-wa
/city-of-north-bend/vinyl-plank-flooring-installation-in-north-bend-wa-lvp-floor,/city-of-north-bend/vinyl-plank-flooring-installation-in-north-bend-wa
/city-of-medina/laminate-floor-installation-in-medina-wa-waterproof-flooring,/city-of-medina/vinyl-plank-flooring-installation-in-medina-wa
/city-of-oak-harbor/hardwood-floor-installation-in-oak-harbor-wa-solid-flooring,/city-of-oak-harbor/hardwood-floor-installation-in-oak-harbor-wa
/city-of-kenmore/vinyl-plank-flooring-installation-in-kenmore-wa-lvp-floor,/city-of-kenmore/vinyl-plank-flooring-installation-in-kenmore-wa
/city-of-snoqualmie/vinyl-plank-flooring-installation-in-snoqualmie-wa-lvp-floor,/city-of-snoqualmie/vinyl-plank-flooring-installation-in-snoqualmie-wa
/city-of-cottage-lake/hardwood-flooring-services-cottage-lake-wa-floor-installation,/city-of-cottage-lake/hardwood-floor-installation-in-cottage-lake-wa
/city-of-kenmore/hardwood-flooring-services-in-kenmore-wa-floor-installation,/city-of-kenmore/hardwood-floor-installation-in-kenmore-wa
/city-of-mercer-island/hardwood-flooring-services-mercer-island-floor-installation,/city-of-mercer-island/hardwood-floor-installation-in-mercer-island-wa
/blog/your-go-to-flooring-carpet-installation-service-in-mill-creek-wa,/blog/flooring-guide-mill-creek-wa
/city-of-medina/hardwood-flooring-services-in-medina-wa-floor-installation,/city-of-medina/hardwood-floor-installation-in-medina-wa
/city-of-mercer-island/vinyl-plank-flooring-installation-in-mercer-island-wa-lvp-floor,/city-of-mercer-island/vinyl-plank-flooring-installation-in-mercer-island-wa
/city-of-cottage-lake/laminate-floor-installation-in-cottage-lake-wa-waterproof-flooring,/city-of-cottage-lake/vinyl-plank-flooring-installation-in-cottage-lake-wa
/city-of-oak-harbor/vinyl-plank-flooring-installation-in-oak-harbor-wa-lvp-floor,/city-of-oak-harbor/vinyl-plank-flooring-installation-in-oak-harbor-wa
/city-of-kenmore/hardwood-floor-installation-in-kenmore-wa-solid-flooring,/city-of-kenmore/hardwood-floor-installation-in-kenmore-wa
/services/quality-flooring-solutions-for-northwest-homebuilders,/services/commercial-flooring-installation
/city-of-snohomish/laminate-floor-installation-in-snohomish-wa,/city-of-snohomish/vinyl-plank-flooring-installation-in-snohomish-wa
/city-of-woodinville/carpet-installation-in-woodinville-wa,/
/product/4-39-prima-floors-gw1-228-frontier,/services/our-products
/product/7-05-kentwood-collection-gulf-brushed-oak-vermilion-bay,/services/our-products
/product/9-27-mirage-imagine-collection-rock-cliff-red-oak,/services/our-products
/city-of-mill-creek/vinyl-floor-plank-installation-mill-creek-wa-waterproof-flooring,/city-of-mill-creek/vinyl-plank-flooring-installation-in-mill-creek-wa
/city-of-cottage-lake/vinyl-plank-flooring-installation-in-cottage-lake-wa-lvp-floor,/city-of-cottage-lake/vinyl-plank-flooring-installation-in-cottage-lake-wa
/blog/how-often-do-hardwood-floors-need-to-be-refinished,/blog/how-many-times-can-a-wood-floor-be-sanded-and-refinished-in-the-seattle-wa-area
/city-of-everett/tile-installation-services-in-everett-wa,/
/city-of-lynnwood/laminate-floor-installation-in-lynnwood-wa,/city-of-lynnwood/vinyl-plank-flooring-installation-in-lynnwood-wa
/city-of-mill-creek/carpet-installation-in-mill-creek-wa,/
/city-of-snohomish/carpet-installation-in-snohomish-wa,/
/city-of-snohomish/vinyl-floor-installation-in-snohomish-wa,/city-of-snohomish/vinyl-plank-flooring-installation-in-snohomish-wa
/city-of-woodinville/vinyl-floor-installation-in-woodinville-wa,/city-of-woodinville/vinyl-plank-flooring-installation-in-woodinville-wa
/hardwood-floor-refinishing/laminate-floor-installation-in-bothell-wa,/hardwood-floor-refinishing/vinyl-plank-flooring-installation-in-bothell-wa
/hardwood-floor-refinishing/tile-installation-in-bothell-wa,/
/hardwood-floor-refinishing/vinyl-floor-installation-in-bothell-wa,/hardwood-floor-refinishing/vinyl-plank-flooring-installation-in-bothell-wa
/product/10-60-mirage-sweet-memories-collection-clay-marbles,/services/our-products
/product/3-85-prima-floors-gw1-238-york,/services/our-products
/product/6-12-mirage-elemental-collection-north-hatley-maple,/services/our-products
/product/6-65-prima-floors-gw334-da-vinci,/services/our-products
/product/8-87-mirage-muse-collection-rachel,/services/our-products
/product/9-53-mirage-flair-collection-patina,/services/our-products
/product/9-80-mirage-admiration-collection-nevada-red-oak,/services/our-products
/seattle/vinyl-floor-installation-in-seattle-wa,/seattle/vinyl-plank-flooring-installation-in-seattle-wa
/services,/
/about,/about-us
/city-of-bellevue/vinyl-floor-installation-in-bellevue-wa,/city-of-bellevue/vinyl-plank-flooring-installation-in-bellevue-wa
/city-of-everett/laminate-floor-installation-in-everett-wa,/city-of-everett/vinyl-plank-flooring-installation-in-everett-wa
/city-of-everett/vinyl-floor-installation-in-everett-wa,/city-of-everett/vinyl-plank-flooring-installation-in-everett-wa
/city-of-kirkland/carpet-installation-in-kirkland-wa,/
/city-of-lynnwood/vinyl-floor-installation-in-lynnwood-wa,/city-of-lynnwood/vinyl-plank-flooring-installation-in-lynnwood-wa
/city-of-mill-creek/laminate-floor-installation-in-mill-creek-wa,/city-of-mill-creek/vinyl-plank-flooring-installation-in-mill-creek-wa
/city-of-mukilteo/carpet-installation-in-mukilteo-wa,/
/city-of-poulsbo/hardwood-flooring-services-in-poulsbo-wa-floor-installation,/services/hardwood-floor-installation
/city-of-shoreline/carpet-installation-in-shoreline-wa,/
/city-of-shoreline/vinyl-floor-installation-in-shoreline-wa,/city-of-shoreline/vinyl-plank-flooring-installation-in-shoreline-wa
/city-of-snohomish/tile-installation-services-in-snohomish-wa,/
/contacts,/contact
/hardwood-floor-refinishing/carpet-installation-in-bothell-wa,/
/product/10-07-mirage-admiration-collection-platinum-maple,/services/our-products
/product/10-60-mirage-flair-collection-sailing-stone,/services/our-products
/product/10-60-mirage-imagine-collection-natural-hickory,/services/our-products
/product/3-85-prima-floors-gw1-241-athens,/services/our-products
/product/5-85-prima-floors-gw313-c-royal-oak,/services/our-products
/product/5-85-prima-floors-gw325-chester,/services/our-products
/product/5-85-prima-floors-gw339-new-castle,/services/our-products
/product/5-85-prima-floors-gw341-athens,/services/our-products
/product/5-85-prima-floors-gw342-bedford,/services/our-products
/product/6-12-mirage-elemental-collection-platinum-red-oak,/services/our-products
/product/6-12-mirage-elemental-collection-waterloo-red-oak,/services/our-products
/product/6-25-prima-floors-gwp202-gold-beach,/services/our-products
/product/6-65-mirage-dreamville-collection-aspen,/services/our-products
/product/6-65-mirage-dreamville-collection-bow-valley,/services/our-products
/product/6-65-mirage-dreamville-collection-hermosa,/services/our-products
/product/6-65-mirage-dreamville-collection-loveland,/services/our-products
/product/6-65-mirage-dreamville-collection-sanibel,/services/our-products
/product/6-65-prima-floors-gw336-cesare,/services/our-products
/product/7-40-mirage-escape-collection-new-haven,/services/our-products
/product/7-59-stonewood-grandville-Georgetown,/services/our-products
/product/8-33-mirage-muse-collection-ada,/services/our-products
/product/8-33-mirage-muse-collection-amelia,/services/our-products
/product/8-33-mirage-muse-collection-maud,/services/our-products
/product/8-52-prima-floors-gw413-royal-oak,/services/our-products
/product/8-87-mirage-muse-collection-ada,/services/our-products
/product/9-32-prima-floors-gw315-crown-oak,/services/our-products
/product/9-53-mirage-sweet-memories-collection-nougat,/services/our-products
/product/9-80-mirage-admiration-collection-charcoal-red-oak-2,/services/our-products
/product/9-80-mirage-admiration-collection-golden-red-oak,/services/our-products
/product/9-80-mirage-admiration-collection-sierra-red-oak,/services/our-products
/seattle/laminate-floor-installation-in-seattle-wa-laminate-flooring,/seattle/vinyl-plank-flooring-installation-in-seattle-wa
/seattle/tile-installation-in-seattle-wa,/
/services/hardwood-floor-refinishing-in-seattle,/seattle/hardwood-floor-refinishing-in-seattle-wa
/thank-you-estimate,/
/city-of-whidbey-island/laminate-floor-installation-in-whidbey-island-wa-flooring,/city-of-whidbey-island/vinyl-plank-flooring-installation-in-whidbey-island-wa
/city-of-cottage-lake/hardwood-floor-installation-in-cottage-lake-solid-flooring,/city-of-cottage-lake/hardwood-floor-installation-in-cottage-lake-wa
/all-hardwood-flooring,/services/our-products
/blog/top-5-affordable-flooring-options-in-lynnwood-you-cant-miss,/blog
/city-of-bothell/hardwood-floor-refinishing-in-bothell-wa,/hardwood-floor-refinishing/hardwood-floor-refinishing-in-bothell-wa
/city-of-everett/carpet-installation-in-carpet-wa,/
/city-of-mill-creek/vinyl-floor-installation-in-mill-creek-wa,/city-of-mill-creek/vinyl-plank-flooring-installation-in-mill-creek-wa
/city-of-mukilteo/laminate-floor-installation-in-mukilteo-wa,/city-of-mukilteo/vinyl-plank-flooring-installation-in-mukilteo-wa
/city-of-mukilteo/tile-installation-services-in-mukilteo-wa,/
/city-of-mukilteo/vinyl-floor-installation-in-mukilteo-wa,/city-of-mukilteo/vinyl-plank-flooring-installation-in-mukilteo-wa
/city-of-newcastle/vinyl-plank-flooring-installation-in-newcastle-wa-lvp-floor,/city-of-new-castle/vinyl-plank-flooring-installation-in-newcastle-wa
/city-of-shoreline/laminate-floor-installation-in-shoreline-wa,/city-of-shoreline/vinyl-plank-flooring-installation-in-shoreline-wa
/city-of-shoreline/tile-installation-services-in-shoreline-wa,/
/product/10-07-mirage-admiration-collection-graphite-maple,/services/our-products
/product/10-07-mirage-admiration-collection-nevada-maple,/services/our-products
/product/10-60-mirage-flair-collection-desert-rose,/services/our-products
/product/10-60-mirage-flair-collection-lunar-eclipse,/services/our-products
/product/10-60-mirage-flair-collection-sandy-reef,/services/our-products
/product/10-60-mirage-flair-collection-snowdrift,/services/our-products
/product/10-60-mirage-flair-collection-stardust,/services/our-products
/product/10-60-mirage-flair-collection-white-mist,/services/our-products
/product/11-13-mirage-natural-collection-natural-white-oak,/services/our-products
/product/11-20-mirage-natural-collection-natural-white-oak-r-q,/services/our-products
/product/14-60-mirage-chevron-collection-rocking-horse,/services/our-products
/product/3-85-prima-floors-gw1-239-new-castle,/services/our-products
/product/6-12-mirage-elemental-collection-hudson-maple,/services/our-products
/product/6-12-mirage-elemental-collection-natural-red-oak,/services/our-products
/product/6-12-mirage-elemental-collection-north-hatley-red-oak,/services/our-products
/product/6-12-mirage-elemental-collection-platinum-maple,/services/our-products
/product/6-12-mirage-elemental-collection-windsor-red-oak,/services/our-products
/product/6-64-prima-floors-gw332-raphael,/services/our-products
/product/6-65-mirage-dreamville-collection-morro-bay,/services/our-products
/product/6-65-mirage-dreamville-collection-tofino,/services/our-products
/product/6-65-prima-floors-gw333-titian,/services/our-products
/product/6-65-prima-floors-gw335-dante,/services/our-products
/product/7-19-mirage-natural-collection-natural-red-oak,/services/our-products
/product/7-40-mirage-dreamville-collection-park-city,/services/our-products
/product/7-40-mirage-escape-collection-carmel,/services/our-products
/product/7-40-mirage-escape-collection-cold-springs,/services/our-products
/product/7-40-mirage-escape-collection-destin,/services/our-products
/product/8-33-mirage-muse-collection-grace,/services/our-products
/product/8-33-mirage-muse-collection-hattie,/services/our-products
/product/8-33-mirage-muse-collection-ingrid,/services/our-products
/product/8-33-mirage-muse-collection-rachel,/services/our-products
/product/8-52-prima-floors-gwp450-royal-hard-maple,/services/our-products
/product/8-87-mirage-muse-collection-grace,/services/our-products
/product/8-87-mirage-muse-collection-maud,/services/our-products
/product/9-27-mirage-imagine-collection-driftwood,/services/our-products
/product/9-27-mirage-imagine-collection-papyrus-red-oak,/services/our-products
/product/9-32-prima-floors-gw313-royal-oak,/services/our-products
/product/9-53-mirage-imagine-collection-driftwood,/services/our-products
/product/9-53-mirage-imagine-collection-rock-cliff,/services/our-products
/product/9-53-mirage-muse-collection-white-mist,/services/our-products
/product/9-53-mirage-natural-collection-natural-maple,/services/our-products
/product/9-80-mira-admiration-collection-rio-red-oak,/services/our-products
/product/9-80-mirage-admiration-collection-graphite-red-oak,/services/our-products
/product/9-80-mirage-admiration-collection-nordic-red-oak,/services/our-products
/product/9-80-mirage-admiration-collection-platinum-red-oak,/services/our-products
/repair,/services/flooring-repair
/services/premium-solid-hardwood-flooring-installation-services,/services/solid-hardwood-flooring
/team,/about-us
/vinyl-plank-flooring-installation,/services/vinyl-plank-flooring-and-laminate-flooring
/thank-you,/
