service,city,slug,page_id,lead_in
"carpet installation","Arlington","carpet-installation-in-arlington-wa","6a8d308fd1ea4a651cc9fd42","Searching for carpet installation near me in Arlington?"
"carpet installation","Bellevue","carpet-installation-in-bellevue-wa","6a8ccb1ebf28596111eed9f2","Searching for carpet installation near me in Bellevue?"
"carpet installation","Bothell","carpet-installation-in-bothell-wa","6a8d3065df4382bca025932c","Searching for carpet installation near me in Bothell?"
"carpet installation","Cottage Lake","carpet-installation-in-cottage-lake-wa","6a8d332bd1ea4a651ccb7399","Searching for carpet installation near me in Cottage Lake?"
"carpet installation","Duvall","carpet-installation-in-duvall-wa","6a8d33391d304528f91b328f","Searching for carpet installation near me in Duvall?"
"carpet installation","Edmonds","carpet-installation-in-edmonds-wa","6a8d72907554b2c8ee8cbd17","Searching for carpet installation near me in Edmonds?"
"carpet installation","Everett","carpet-installation-in-everett-wa","6a8d35d842c6945e98ead4b4","Searching for carpet installation near me in Everett?"
"carpet installation","Issaquah","carpet-installation-in-issaquah-wa","6a8d72920276efd9be3a9ce5","Searching for carpet installation near me in Issaquah?"
"carpet installation","Kenmore","carpet-installation-in-kenmore-wa","6a8d760e30a9d63358417f9f","Searching for carpet installation near me in Kenmore?"
"carpet installation","Kirkland","carpet-installation-in-kirkland-wa","6a8cff466aa497d30bbcc3cd","Searching for carpet installation near me in Kirkland?"
"carpet installation","Lake Stevens","carpet-installation-in-lake-stevens-wa","6a8d763f3c47bd5067796080","Searching for carpet installation near me in Lake Stevens?"
"carpet installation","Lynnwood","carpet-installation-in-lynnwood-wa","6a8d7905d747f6a2e740ed53","Searching for carpet installation near me in Lynnwood?"
"carpet installation","Marysville","carpet-installation-in-marysville-wa","6a8d7bf3d443a504b686e990","Searching for carpet installation near me in Marysville?"
"carpet installation","Medina","carpet-installation-in-medina-wa","6a8d7bf5fff15c0449d61e1e","Searching for carpet installation near me in Medina?"
"carpet installation","Mercer Island","carpet-installation-in-mercer-island-wa","6a8d7ec770b0df8182aebe51","Searching for carpet installation near me on Mercer Island?"
"carpet installation","Mill Creek","carpet-installation-in-mill-creek-wa","6a8d7f0925f82f1d7f209be2","Searching for carpet installation near me in Mill Creek?"
"carpet installation","Monroe","carpet-installation-in-monroe-wa","6a8d81b2801f1054bd4b19fe","Searching for carpet installation near me in Monroe?"
"carpet installation","Mukilteo","carpet-installation-in-mukilteo-wa","6a8d84b6cb6a7f583c1fcebd","Searching for carpet installation near me in Mukilteo?"
"carpet installation","Newcastle","carpet-installation-in-newcastle-wa","6a8d84bd179cdad202f6443b","Searching for carpet installation near me in Newcastle?"
"carpet installation","North Bend","carpet-installation-in-north-bend-wa","6a8d881285ba860c0b54d562","Searching for carpet installation near me in North Bend?"
"carpet installation","Oak Harbor","carpet-installation-in-oak-harbor-wa","6a8d8836390d15d3d35a2188","Searching for carpet installation near me in Oak Harbor?"
"carpet installation","Redmond","carpet-installation-in-redmond-wa","6a8d8ae0c198c057677d16c6","Searching for carpet installation near me in Redmond?"
"carpet installation","Renton","carpet-installation-in-renton-wa","6a8d8d91d443a504b68d706f","Searching for carpet installation near me in Renton?"
"carpet installation","Sammamish","carpet-installation-in-sammamish-wa","6a8d8d912dd5dc6f5088dce5","Searching for carpet installation near me in Sammamish?"
"carpet installation","Seattle","carpet-installation-in-seattle-wa","6a8d90a1abd075f929afd0f4","Searching for carpet installation near me in Seattle?"
"carpet installation","Shoreline","carpet-installation-in-shoreline-wa","6a8d90d463575b9a06ed0ef6","Searching for carpet installation near me in Shoreline?"
"carpet installation","Snohomish","carpet-installation-in-snohomish-wa","6a8d9402a978e0305475e813","Searching for carpet installation near me in Snohomish?"
"carpet installation","Snoqualmie","carpet-installation-in-snoqualmie-wa","6a8d96e363575b9a06ef7a5e","Searching for carpet installation near me in Snoqualmie?"
"carpet installation","Whidbey Island","carpet-installation-in-whidbey-island-wa","6a8d96e9c198c057678137bc","Searching for carpet installation near me on Whidbey Island?"
"carpet installation","Woodinville","carpet-installation-in-woodinville-wa","6a8d99dcf7f069320be2240a","Searching for carpet installation near me in Woodinville?"
"floor repair","Arlington","hardwood-floor-repair-in-arlington-wa","65fc667c924173ea31822fe5","Searching for floor repair near me in Arlington?"
"floor repair","Bellevue","hardwood-floor-repair-in-bellevue-wa","65fa27ec5d0c6abb2205947e","Searching for floor repair near me in Bellevue?"
"floor repair","Bothell","hardwood-floor-repair-in-bothell-wa","65fa2d7a75518bafeb5d9b72","Searching for floor repair near me in Bothell?"
"floor repair","Cottage Lake","hardwood-floor-repair-in-cottage-lake-wa","65fc510b9a8101405117712e","Searching for floor repair near me in Cottage Lake?"
"floor repair","Duvall","hardwood-floor-repair-in-duvall-wa","65fbb41f536ff7cb224a4537","Searching for floor repair near me in Duvall?"
"floor repair","Edmonds","hardwood-floor-repair-in-edmonds-wa","65fba5f0fd3ca0bccfd01141","Searching for floor repair near me in Edmonds?"
"floor repair","Everett","hardwood-floor-repair-in-everett-wa","65fa5047e60eaa06dde2238d","Searching for floor repair near me in Everett?"
"floor repair","Issaquah","hardwood-floor-repair-in-issaquah-wa","65fbca6364aeea5b39baab44","Searching for floor repair near me in Issaquah?"
"floor repair","Kenmore","hardwood-floor-repair-in-kenmore-wa","65fbdc141db038383ea38a00","Searching for floor repair near me in Kenmore?"
"floor repair","Kirkland","hardwood-floor-repair-in-kirkland-wa","65f32565e111adbbb806d05b","Searching for floor repair near me in Kirkland?"
"floor repair","Lake Stevens","hardwood-floor-repair-in-lake-stevens-wa","65fc5a5a9bc577ed532ac6e2","Searching for floor repair near me in Lake Stevens?"
"floor repair","Lynnwood","hardwood-floor-repair-in-lynnwood-wa","65fb7ce245261f69619647ab","Searching for floor repair near me in Lynnwood?"
"floor repair","Marysville","hardwood-floor-repair-in-marysville-wa","65fbb72ac1ab3c9b85aff924","Searching for floor repair near me in Marysville?"
"floor repair","Medina","hardwood-floor-repair-in-medina-wa","65fbd829acf49af524aa63f7","Searching for floor repair near me in Medina?"
"floor repair","Mercer Island","hardwood-floor-repair-in-mercer-island-wa","65fbbc2f536ff7cb22516bf7","Searching for floor repair near me on Mercer Island?"
"floor repair","Mill Creek","hardwood-floor-repair-in-mill-creek-wa","65fa38b94f4f3e531a93aa20","Searching for floor repair near me in Mill Creek?"
"floor repair","Monroe","hardwood-floor-repair-in-monroe-wa","65fbb06e746b8c70d01b9b99","Searching for floor repair near me in Monroe?"
"floor repair","Mukilteo","hardwood-floor-repair-in-mukilteo-wa","65fb73df79973c66302f72e8","Searching for floor repair near me in Mukilteo?"
"floor repair","Newcastle","hardwood-floor-repair-in-newcastle-wa","65fbbfbdceac45fcfcb8e45c","Searching for floor repair near me in Newcastle?"
"floor repair","North Bend","hardwood-floor-repair-in-north-bend-wa","65fbd54c80715f6b2e9cf43f","Searching for floor repair near me in North Bend?"
"floor repair","Oak Harbor","hardwood-floor-repair-in-oak-harbor-wa","65fbc66552fd7a3bbd494e02","Searching for floor repair near me in Oak Harbor?"
"floor repair","Redmond","hardwood-floor-repair-in-redmond-wa","65fbaaf2ea85400f35078734","Searching for floor repair near me in Redmond?"
"floor repair","Renton","hardwood-floor-repair-in-renton-wa","65fbc43b6ecac3477837d5dd","Searching for floor repair near me in Renton?"
"floor repair","Sammamish","hardwood-floor-repair-in-sammamish-wa","65fbcd7a651fb9d4a82d5824","Searching for floor repair near me in Sammamish?"
"floor repair","Seattle","hardwood-floor-repair-in-seattle-wa","65fa360c05862b6a72763373","Searching for floor repair near me in Seattle?"
"floor repair","Shoreline","hardwood-floor-repair-in-shoreline-wa","65fa46451c30f8603b73f7c3","Searching for floor repair near me in Shoreline?"
"floor repair","Snohomish","hardwood-floor-repair-in-snohomish-wa","65fa4b7f42b77c8947ab2a7f","Searching for floor repair near me in Snohomish?"
"floor repair","Snoqualmie","hardwood-floor-repair-in-snoqualmie-wa","65fbd23a746b8c70d03a202c","Searching for floor repair near me in Snoqualmie?"
"floor repair","Whidbey Island","hardwood-floor-repair-in-whidbey-island-wa","65fc5e0fa576730db1d2e153","Searching for floor repair near me on Whidbey Island?"
"floor repair","Woodinville","hardwood-floor-repair-in-woodinville-wa","65fa1e92509fa1482c7d4288","Searching for floor repair near me in Woodinville?"
"hardwood floor refinishing","Arlington","hardwood-floor-refinishing-in-arlington-wa","65f32565e111adbbb806cfc2","Searching for hardwood floor refinishing near me in Arlington?"
"hardwood floor refinishing","Bothell","hardwood-floor-refinishing-in-bothell-wa","65f32565e111adbbb806cf72","Searching for hardwood floor refinishing near me in Bothell?"
"hardwood floor refinishing","Cottage Lake","hardwood-floor-refinishing-in-cottage-lake-wa","65f32565e111adbbb806cfc1","Searching for hardwood floor refinishing near me in Cottage Lake?"
"hardwood floor refinishing","Duvall","hardwood-floor-refinishing-in-duvall-wa","65f32565e111adbbb806cfd7","Searching for hardwood floor refinishing near me in Duvall?"
"hardwood floor refinishing","Edmonds","hardwood-floor-refinishing-in-edmonds-wa","65f32565e111adbbb806cf51","Searching for hardwood floor refinishing near me in Edmonds?"
"hardwood floor refinishing","Everett","hardwood-floor-refinishing-in-everett-wa","65f32565e111adbbb806cf74","Searching for hardwood floor refinishing near me in Everett?"
"hardwood floor refinishing","Issaquah","hardwood-floor-refinishing-in-issaquah-wa","65f32565e111adbbb806cfda","Searching for hardwood floor refinishing near me in Issaquah?"
"hardwood floor refinishing","Kenmore","hardwood-floor-refinishing-in-kenmore-wa","65f32565e111adbbb806cfee","Searching for hardwood floor refinishing near me in Kenmore?"
"hardwood floor refinishing","Kirkland","hardwood-floor-refinishing-in-kirkland-wa","65f32565e111adbbb806cf75","Searching for hardwood floor refinishing near me in Kirkland?"
"hardwood floor refinishing","Lake Stevens","hardwood-floor-refinishing-in-lake-stevens-wa","65f32565e111adbbb806d036","Searching for hardwood floor refinishing near me in Lake Stevens?"
"hardwood floor refinishing","Lynnwood","hardwood-floor-refinishing-in-lynnwood-wa","65f32565e111adbbb806cf76","Searching for hardwood floor refinishing near me in Lynnwood?"
"hardwood floor refinishing","Marysville","hardwood-floor-refinishing-in-marysville-wa","65f32565e111adbbb806d037","Searching for hardwood floor refinishing near me in Marysville?"
"hardwood floor refinishing","Medina","hardwood-floor-refinishing-in-medina-wa","65f32565e111adbbb806cff1","Searching for hardwood floor refinishing near me in Medina?"
"hardwood floor refinishing","Mercer Island","hardwood-floor-refinishing-in-mercer-island-wa","65f32565e111adbbb806d038","Searching for hardwood floor refinishing near me on Mercer Island?"
"hardwood floor refinishing","Mill Creek","hardwood-floor-refinishing-in-mill-creek-wa","65f32565e111adbbb806cf77","Searching for hardwood floor refinishing near me in Mill Creek?"
"hardwood floor refinishing","Monroe","hardwood-floor-refinishing-in-monroe-wa","65f32565e111adbbb806d006","Searching for hardwood floor refinishing near me in Monroe?"
"hardwood floor refinishing","Mukilteo","hardwood-floor-refinishing-in-mukilteo-wa","65f32565e111adbbb806cf95","Searching for hardwood floor refinishing near me in Mukilteo?"
"hardwood floor refinishing","Newcastle","hardwood-floor-refinishing-in-newcastle-wa","65f32565e111adbbb806d039","Searching for hardwood floor refinishing near me in Newcastle?"
"hardwood floor refinishing","North Bend","hardwood-floor-refinishing-in-north-bend-wa","65f32565e111adbbb806d008","Searching for hardwood floor refinishing near me in North Bend?"
"hardwood floor refinishing","Oak Harbor","hardwood-floor-refinishing-in-oak-harbor-wa","65f32565e111adbbb806d03a","Searching for hardwood floor refinishing near me in Oak Harbor?"
"hardwood floor refinishing","Redmond","hardwood-floor-refinishing-in-redmond-wa","65f32565e111adbbb806cfbf","Searching for hardwood floor refinishing near me in Redmond?"
"hardwood floor refinishing","Renton","hardwood-floor-refinishing-in-renton-wa","65f32565e111adbbb806d03b","Searching for hardwood floor refinishing near me in Renton?"
"hardwood floor refinishing","Sammamish","hardwood-floor-refinishing-in-sammamish-wa","65f32565e111adbbb806d01d","Searching for hardwood floor refinishing near me in Sammamish?"
"hardwood floor refinishing","Seattle","hardwood-floor-refinishing-in-seattle-wa","65f32565e111adbbb806cfa8","Searching for hardwood floor refinishing near me in Seattle?"
"hardwood floor refinishing","Shoreline","hardwood-floor-refinishing-in-shoreline-wa","65f32565e111adbbb806cfa9","Searching for hardwood floor refinishing near me in Shoreline?"
"hardwood floor refinishing","Snohomish","hardwood-floor-refinishing-in-snohomish-wa","65f32565e111adbbb806cfaa","Searching for hardwood floor refinishing near me in Snohomish?"
"hardwood floor refinishing","Snoqualmie","hardwood-floor-refinishing-in-snoqualmie-wa","65f32565e111adbbb806d021","Searching for hardwood floor refinishing near me in Snoqualmie?"
"hardwood floor refinishing","Whidbey Island","hardwood-floor-refinishing-in-whidbey-island-wa","65f32565e111adbbb806d03c","Searching for hardwood floor refinishing near me on Whidbey Island?"
"hardwood floor refinishing","Woodinville","hardwood-floor-refinishing-in-woodinville-wa","65f32565e111adbbb806cfbe","Searching for hardwood floor refinishing near me in Woodinville?"
"tile installation","Arlington","tile-installation-in-arlington-wa","6a8f68b3339c117eebaa3b57","Searching for tile installation near me in Arlington?"
"tile installation","Bellevue","tile-installation-in-bellevue-wa","6a8f63898db417f9f6632e49","Searching for tile installation near me in Bellevue?"
"tile installation","Bothell","tile-installation-in-bothell-wa","6a8f68b4b08d01669cf9e237","Searching for tile installation near me in Bothell?"
"tile installation","Cottage Lake","tile-installation-in-cottage-lake-wa","6a8f68b4f6076a76a4ea0b32","Searching for tile installation near me in Cottage Lake?"
"tile installation","Duvall","tile-installation-in-duvall-wa","6a8f68b57bebcdf1b5516311","Searching for tile installation near me in Duvall?"
"tile installation","Edmonds","tile-installation-in-edmonds-wa","6a8f68b6c3096eb29f609ed5","Searching for tile installation near me in Edmonds?"
"tile installation","Everett","tile-installation-in-everett-wa","6a8f68d195b401f2ac7d82ce","Searching for tile installation near me in Everett?"
"tile installation","Issaquah","tile-installation-in-issaquah-wa","6a8f68d195b401f2ac7d8308","Searching for tile installation near me in Issaquah?"
"tile installation","Kenmore","tile-installation-in-kenmore-wa","6a8f68d27bebcdf1b5516ea9","Searching for tile installation near me in Kenmore?"
"tile installation","Kirkland","tile-installation-in-kirkland-wa","6a8f68d295b401f2ac7d83a6","Searching for tile installation near me in Kirkland?"
"tile installation","Lake Stevens","tile-installation-in-lake-stevens-wa","6a8f68d311b1cbc670f1c726","Searching for tile installation near me in Lake Stevens?"
"tile installation","Lynnwood","tile-installation-in-lynnwood-wa","6a8f68e896331ba7d3b5875a","Searching for tile installation near me in Lynnwood?"
"tile installation","Marysville","tile-installation-in-marysville-wa","6a8f68e854bc349930e723e1","Searching for tile installation near me in Marysville?"
"tile installation","Medina","tile-installation-in-medina-wa","6a8f68e9ff0a12f1d0633a1f","Searching for tile installation near me in Medina?"
"tile installation","Mercer Island","tile-installation-in-mercer-island-wa","6a8f68ea7bebcdf1b5517617","Searching for tile installation near me on Mercer Island?"
"tile installation","Mill Creek","tile-installation-in-mill-creek-wa","6a8f68ec3563c09dee997628","Searching for tile installation near me in Mill Creek?"
"tile installation","Monroe","tile-installation-in-monroe-wa","6a8f690309a362d7faa59b4b","Searching for tile installation near me in Monroe?"
"tile installation","Mukilteo","tile-installation-in-mukilteo-wa","6a8f6906ff0a12f1d0634c20","Searching for tile installation near me in Mukilteo?"
"tile installation","Newcastle","tile-installation-in-newcastle-wa","6a8f6909e71b7aa203888acd","Searching for tile installation near me in Newcastle?"
"tile installation","North Bend","tile-installation-in-north-bend-wa","6a8f690a09a362d7faa5a0dd","Searching for tile installation near me in North Bend?"
"tile installation","Oak Harbor","tile-installation-in-oak-harbor-wa","6a8f690c02f7706abde25892","Searching for tile installation near me in Oak Harbor?"
"tile installation","Redmond","tile-installation-in-redmond-wa","6a8f69287bebcdf1b5519e10","Searching for tile installation near me in Redmond?"
"tile installation","Renton","tile-installation-in-renton-wa","6a8f692911b1cbc670f1f926","Searching for tile installation near me in Renton?"
"tile installation","Sammamish","tile-installation-in-sammamish-wa","6a8f692ab08d01669cfa0814","Searching for tile installation near me in Sammamish?"
"tile installation","Seattle","tile-installation-in-seattle-wa","6a8f692a8f85042d2b46e4dc","Searching for tile installation near me in Seattle?"
"tile installation","Shoreline","tile-installation-in-shoreline-wa","6a8f692bb08d01669cfa08b0","Searching for tile installation near me in Shoreline?"
"tile installation","Snohomish","tile-installation-in-snohomish-wa","6a8f693f11b1cbc670f20953","Searching for tile installation near me in Snohomish?"
"tile installation","Snoqualmie","tile-installation-in-snoqualmie-wa","6a8f694009a362d7faa5c601","Searching for tile installation near me in Snoqualmie?"
"tile installation","Whidbey Island","tile-installation-in-whidbey-island-wa","6a8f694041301eaefe08200d","Searching for tile installation near me on Whidbey Island?"
"tile installation","Woodinville","tile-installation-in-woodinville-wa","6a8f694197d0e3cfe2a680f6","Searching for tile installation near me in Woodinville?"
"vinyl plank installation","Arlington","vinyl-plank-flooring-installation-in-arlington-wa","65fc655de6d6ce262918416e","Searching for vinyl plank installation near me in Arlington?"
"vinyl plank installation","Bellevue","vinyl-plank-flooring-installation-in-bellevue-wa","65fa23dd7a54eca64ae7a9de","Searching for vinyl plank installation near me in Bellevue?"
"vinyl plank installation","Bothell","vinyl-plank-flooring-installation-in-bothell-wa","65fa2f908e665485c2925b10","Searching for vinyl plank installation near me in Bothell?"
"vinyl plank installation","Cottage Lake","vinyl-plank-flooring-installation-in-cottage-lake-wa","65fc541a8ca7a75d01e344c7","Searching for vinyl plank installation near me in Cottage Lake?"
"vinyl plank installation","Duvall","vinyl-plank-flooring-installation-in-duvall-wa","65fbb3773743ea9b19c3cbf7","Searching for vinyl plank installation near me in Duvall?"
"vinyl plank installation","Edmonds","vinyl-plank-flooring-installation-in-edmonds-wa","65fba1ea1ebc99661b79a04f","Searching for vinyl plank installation near me in Edmonds?"
"vinyl plank installation","Everett","vinyl-plank-flooring-installation-in-everett-wa","65fa5196e60eaa06dde354d8","Searching for vinyl plank installation near me in Everett?"
"vinyl plank installation","Issaquah","vinyl-plank-flooring-installation-in-issaquah-wa","65fbc982c7805ba7c182a04c","Searching for vinyl plank installation near me in Issaquah?"
"vinyl plank installation","Kenmore","vinyl-plank-flooring-installation-in-kenmore-wa","65fbdb0fa8d5734bb400b277","Searching for vinyl plank installation near me in Kenmore?"
"vinyl plank installation","Kirkland","vinyl-plank-flooring-installation-in-kirkland-wa","65f32565e111adbbb806d0bc","Searching for vinyl plank installation near me in Kirkland?"
"vinyl plank installation","Lake Stevens","vinyl-plank-flooring-installation-in-lake-stevens-wa","65fc5874b6d479061ed96c0f","Searching for vinyl plank installation near me in Lake Stevens?"
"vinyl plank installation","Lynnwood","vinyl-plank-flooring-installation-in-lynnwood-wa","65fb7e1fa8d5734bb4aa7c66","Searching for vinyl plank installation near me in Lynnwood?"
"vinyl plank installation","Marysville","vinyl-plank-flooring-installation-in-marysville-wa","65fbb7e6536ff7cb224db101","Searching for vinyl plank installation near me in Marysville?"
"vinyl plank installation","Medina","vinyl-plank-flooring-installation-in-medina-wa","65fbd8f8536ff7cb226d46f6","Searching for vinyl plank installation near me in Medina?"
"vinyl plank installation","Mercer Island","vinyl-plank-flooring-installation-in-mercer-island-wa","65fbbb54fd3ca0bccfe38517","Searching for vinyl plank installation near me on Mercer Island?"
"vinyl plank installation","Mill Creek","vinyl-plank-flooring-installation-in-mill-creek-wa","65fa3adb7f7a51478535f9a0","Searching for vinyl plank installation near me in Mill Creek?"
"vinyl plank installation","Monroe","vinyl-plank-flooring-installation-in-monroe-wa","65fbb145bd3d3c63ecc836e8","Searching for vinyl plank installation near me in Monroe?"
"vinyl plank installation","Mukilteo","vinyl-plank-flooring-installation-in-mukilteo-wa","65fb72dae5d9ea74b3608a8a","Searching for vinyl plank installation near me in Mukilteo?"
"vinyl plank installation","Newcastle","vinyl-plank-flooring-installation-in-newcastle-wa","65fbc0c0affa13bb08f3f611","Searching for vinyl plank installation near me in Newcastle?"
"vinyl plank installation","North Bend","vinyl-plank-flooring-installation-in-north-bend-wa","65fbd619fd3ca0bccffb64ac","Searching for vinyl plank installation near me in North Bend?"
"vinyl plank installation","Oak Harbor","vinyl-plank-flooring-installation-in-oak-harbor-wa","65fbc74009e116230e4ec5a5","Searching for vinyl plank installation near me in Oak Harbor?"
"vinyl plank installation","Redmond","vinyl-plank-flooring-installation-in-redmond-wa","65fba9de612a6f271c198f48","Searching for vinyl plank installation near me in Redmond?"
"vinyl plank installation","Renton","vinyl-plank-flooring-installation-in-renton-wa","65fbc36e612a6f271c31319a","Searching for vinyl plank installation near me in Renton?"
"vinyl plank installation","Sammamish","vinyl-plank-flooring-installation-in-sammamish-wa","65fbce8c1836f4b9d86e81d8","Searching for vinyl plank installation near me in Sammamish?"
"vinyl plank installation","Seattle","vinyl-plank-flooring-installation-in-seattle-wa","65fa331a9d90d967c68994a3","Searching for vinyl plank installation near me in Seattle?"
"vinyl plank installation","Shoreline","vinyl-plank-flooring-installation-in-shoreline-wa","65fa3d363bff5a372a470a59","Searching for vinyl plank installation near me in Shoreline?"
"vinyl plank installation","Snohomish","vinyl-plank-flooring-installation-in-snohomish-wa","65fa4a08e9fd22fb37b89692","Searching for vinyl plank installation near me in Snohomish?"
"vinyl plank installation","Snoqualmie","vinyl-plank-flooring-installation-in-snoqualmie-wa","65fbd1095525f27bcfd59efe","Searching for vinyl plank installation near me in Snoqualmie?"
"vinyl plank installation","Whidbey Island","vinyl-plank-flooring-installation-in-whidbey-island-wa","65fc5f56afa7884445f5f0c4","Searching for vinyl plank installation near me on Whidbey Island?"
"vinyl plank installation","Woodinville","vinyl-plank-flooring-installation-in-woodinville-wa","65fa1aa31c166616392e15e0","Searching for vinyl plank installation near me in Woodinville?"
