from,to,impressions_28d,clicks_28d
/city-of-lynnwood/laminate-flooring-installation-in-lynnwood-wa,/city-of-lynnwood/vinyl-plank-flooring-installation-in-lynnwood-wa,1011,0
/seattle/laminate-flooring-installation-in-seattle-wa,/seattle/vinyl-plank-flooring-installation-in-seattle-wa,977,0
/city-of-mercer-island/laminate-flooring-installation-in-mercer-island-wa,/city-of-mercer-island/vinyl-plank-flooring-installation-in-mercer-island-wa,634,0
/hardwood-floor-refinishing/laminate-flooring-installation-in-bothell-wa,/hardwood-floor-refinishing/vinyl-plank-flooring-installation-in-bothell-wa,465,0
/city-of-everett/laminate-flooring-installation-in-everett-wa,/city-of-everett/vinyl-plank-flooring-installation-in-everett-wa,431,0
/city-of-redmond/laminate-flooring-installation-in-redmond-wa,/city-of-redmond/vinyl-plank-flooring-installation-in-redmond-wa,422,0
/city-of-monroe/laminate-flooring-installation-in-monroe-wa,/city-of-monroe/vinyl-plank-flooring-installation-in-monroe-wa,388,0
/services/commercial-flooring-services-in-seattle-wa-by-oc-flooring,/services/commercial-flooring-installation,333,0
/city-of-bellevue/laminate-flooring-installation-in-bellevue-wa,/city-of-bellevue/vinyl-plank-flooring-installation-in-bellevue-wa,309,0
/city-of-kirkland/laminate-flooring-installation-in-kirkland-wa,/city-of-kirkland/vinyl-plank-flooring-installation-in-kirkland-wa,274,0
/city-of-renton/laminate-flooring-installation-in-renton-wa,/city-of-renton/vinyl-plank-flooring-installation-in-renton-wa,268,0
/city-of-sammamish/laminate-flooring-installation-in-sammamish-wa,/city-of-sammamish/vinyl-plank-flooring-installation-in-sammamish-wa,238,0
/city-of-marysville/laminate-flooring-installation-in-marysville-wa,/city-of-marysville/vinyl-plank-flooring-installation-in-marysville-wa,180,0
/city-of-new-castle/laminate-flooring-installation-in-newcastle-wa,/city-of-new-castle/vinyl-plank-flooring-installation-in-newcastle-wa,177,0
/city-of-edmonds/laminate-flooring-installation-in-edmonds-wa,/city-of-edmonds/vinyl-plank-flooring-installation-in-edmonds-wa,174,0
/city-of-shoreline/laminate-flooring-installation-in-shoreline-wa,/city-of-shoreline/vinyl-plank-flooring-installation-in-shoreline-wa,166,1
/city-of-snohomish/laminate-flooring-installation-in-snohomish-wa,/city-of-snohomish/vinyl-plank-flooring-installation-in-snohomish-wa,141,0
/city-of-north-bend/laminate-flooring-installation-in-north-bend-wa,/city-of-north-bend/vinyl-plank-flooring-installation-in-north-bend-wa,140,0
/city-of-arlington/laminate-flooring-installation-in-arlington-wa,/city-of-arlington/vinyl-plank-flooring-installation-in-arlington-wa,136,0
/city-of-mukilteo/laminate-flooring-installation-in-mukilteo-wa,/city-of-mukilteo/vinyl-plank-flooring-installation-in-mukilteo-wa,114,0
/city-of-snoqualmie/laminate-flooring-installation-in-snoqualmie-wa,/city-of-snoqualmie/vinyl-plank-flooring-installation-in-snoqualmie-wa,105,0
/services/flooring-material,/services/our-products,82,0
/city-of-woodinville/laminate-flooring-installation-in-woodinville-wa,/city-of-woodinville/vinyl-plank-flooring-installation-in-woodinville-wa,81,0
/city-of-kenmore/laminate-flooring-installation-in-kenmore-wa,/city-of-kenmore/vinyl-plank-flooring-installation-in-kenmore-wa,70,0
/city-of-lake-stevens/laminate-flooring-installation-in-lake-stevens-wa,/city-of-lake-stevens/vinyl-plank-flooring-installation-in-lake-stevens-wa,68,0
/city-of-oak-harbor/laminate-flooring-installation-in-oak-harbor-wa,/city-of-oak-harbor/vinyl-plank-flooring-installation-in-oak-harbor-wa,68,0
/city-of-mill-creek/laminate-flooring-installation-in-mill-creek-wa,/city-of-mill-creek/vinyl-plank-flooring-installation-in-mill-creek-wa,52,0
/city-of-issaquah/laminate-flooring-installation-in-issaquah-wa,/city-of-issaquah/vinyl-plank-flooring-installation-in-issaquah-wa,47,0
/city-of-whidbey-island/laminate-flooring-installation-in-whidbey-island-wa,/city-of-whidbey-island/vinyl-plank-flooring-installation-in-whidbey-island-wa,31,0
/city-of-duvall/laminate-flooring-installation-in-duvall-wa,/city-of-duvall/vinyl-plank-flooring-installation-in-duvall-wa,24,0
/city-of-medina/laminate-flooring-installation-in-medina-wa,/city-of-medina/vinyl-plank-flooring-installation-in-medina-wa,11,0
/city-of-cottage-lake/laminate-flooring-installation-in-cottage-lake-wa,/city-of-cottage-lake/vinyl-plank-flooring-installation-in-cottage-lake-wa,4,0
